time,flux,e_flux
1386.0801051604956,10341.766,13.753916
1386.0884387498343,10353.589,13.752355
1386.0967723391745,10362.855,13.753434
1386.105105928049,10359.499,13.755412
1386.113439516922,10391.898,13.770625
1386.1217731057964,10341.37,13.753208
1386.1301066942037,10368.387,13.762933
1386.1384402830781,10385.078,13.772969
1386.1467738710214,10382.747,13.770405
1386.1551074594288,10370.926,13.766404
1386.1634410473712,10366.744,13.762165
1386.1717746353143,10379.174,13.77214
1386.1801082227903,10361.0625,13.758768
1386.188441810268,10387.596,13.768009
1386.196775397744,10380.614,13.771074
1386.2051089852207,10374.145,13.759224
1386.2134425722325,10378.126,13.760103
1386.221776159243,10389.148,13.773024
1386.2301097462548,10346.022,13.7568865
1386.238443332801,10384.5205,13.771036
1386.2467769193458,10347.0625,13.760579
1386.255110505892,10361.429,13.769472
1386.2634440919717,10394.323,13.769321
1386.2717776780514,10383.853,13.765368
1386.2801112641314,10388.087,13.765401
1386.2884448497448,10336.475,13.750775
1386.2967784358252,10387.74,13.770428
1386.3051120209743,10346.079,13.752943
1386.3134456065877,10346.863,13.747828
1386.3217791917364,10359.306,13.760791
1386.3301127768855,10359.702,13.759969
1386.3384463620332,10368.26,13.765247
1386.3467799467167,10362.956,13.760043
1386.3551135313994,10343.215,13.752788
1386.3634471160822,10321.74,13.749233
1386.3717807003002,10307.557,13.753516
1386.3801142845166,10347.722,13.757588
1386.3884478687344,10422.732,13.790399
1386.3967814524867,10388.435,13.7797985
1386.4051150362366,10379.985,13.773254
1386.413448619989,10320.16,13.741483
1386.421782203741,10332.437,13.7508955
1386.4301157870264,10311.819,13.7375965
1386.4384493703128,10321.741,13.74082
1386.4467829531322,10303.542,13.740758
1386.455116536418,10327.465,13.748391
1386.4634501192388,10289.664,13.725966
1386.4717837015928,10290.264,13.734677
1386.4801172844136,10284.397,13.726241
1386.4884508667687,10319.043,13.7402315
1386.4967844491225,10306.207,13.7354145
1386.505118031012,10395.982,13.774572
1386.5134516129015,10287.884,13.7286005
1386.5217851947891,10274.832,13.729366
1386.5301187766786,10293.277,13.736283
1386.5384523581017,10280.184,13.718399
1386.5467859395249,10269.963,13.728199
1386.555119520483,10265.075,13.719795
1386.563453101905,10268.393,13.728902
1386.5717866828631,10271.99,13.726072
1386.5801202638213,10287.06,13.730776
1386.5884538443124,10290.667,13.726977
1386.5967874248051,10266.762,13.723151
1386.6051210052976,10291.4795,13.739165
1386.613454585323,10266.836,13.718821
1386.6217881658158,10261.965,13.713833
1386.6301217458426,10267.2295,13.723384
1386.6384553254024,10241.309,13.706912
1386.6467889054286,10280.746,13.7327385
1386.655122484989,10278.317,13.726115
1386.6634560640841,10290.5205,13.727059
1386.6717896436453,10264.7705,13.721066
1386.6801232227388,10265.574,13.71735
1386.6884568018343,10272.201,13.722631
1386.6967903804643,10260.294,13.721825
1386.7051239595585,10244.269,13.717877
1386.7134575381883,10291.2705,13.725431
1386.7217911163525,10270.137,13.724574
1386.730124694981,10280.978,13.73427
1386.7384582731452,10277.775,13.728872
1386.746791850844,10254.094,13.7246065
1386.7551254290067,10279.719,13.724458
1386.7634590067046,10291.832,13.738683
1386.771792584403,10322.597,13.742696
1386.7815150914066,10263.44,13.736419
1386.7898486686395,10259.004,13.738496
1386.7981822458719,10269.117,13.725083
1386.8065158231034,10292.36,13.730876
1386.8148493998706,10290.407,13.72908
1386.8231829766364,10277.413,13.7407
1386.8315165534036,10295.462,13.733385
1386.8398501297047,10272.593,13.729224
1386.8481837064705,10319.612,13.758903
1386.8565172823064,10329.326,13.752383
1386.864850858608,10300.909,13.747374
1386.8731844344425,10321.521,13.749421
1386.8815180102786,10307.567,13.743139
1386.8898515861144,10336.657,13.758412
1386.8981851614833,10357.785,13.764917
1386.9065187368537,10351.901,13.763067
1386.914852312224,10374.638,13.777224
1386.9231858875921,10352.244,13.767586
1386.9315194624967,10315.203,13.748744
1386.9398530374015,10390.8955,13.792026
1386.9481866123047,10377.378,13.773009
1386.9565201867435,10385.29,13.77956
1386.9648537611818,10386.792,13.775787
1386.9731873356193,10403.464,13.788227
1386.9815209095927,10385.556,13.781905
1386.9912434128707,10417.203,13.787695
1386.999576986844,10404.72,13.781239
1387.0079105603509,10401.267,13.779476
1387.016244133857,10395.515,13.793533
1387.0245777073649,10397.313,13.787096
1387.0329112808724,10390.636,13.77981
1387.0412448539132,10383.425,13.776571
1387.0495784274208,10392.436,13.786687
1387.057911999997,10388.371,13.780911
1387.0662455730376,10365.506,13.774314
1387.0745791456138,10396.511,13.7904415
1387.0829127181896,10389.259,13.78453
1387.0912462907645,10408.651,13.789292
1387.099579862875,10381.766,13.790789
1387.1079134349857,10394.389,13.787887
1387.116247007095,10373.709,13.7778635
1387.1245805787394,10374.792,13.782898
1387.13291415085,10375.796,13.779659
1387.1412477224935,10388.326,13.791302
1387.1495812936728,10388.733,13.792959
1387.1579148653177,10354.946,13.768551
1387.1662484364958,10384.799,13.780194
1387.1745820072094,10368.699,13.778094
1387.1829155783887,10357.276,13.772771
1387.1912491491012,10343.504,13.77062
1387.1995827198148,10343.254,13.760766
1387.2079162905277,10330.269,13.758951
1387.2162498607743,10331.656,13.753469
1387.2245834310222,10344.119,13.776702
1387.2329170012704,10337.763,13.764978
1387.2412505710506,10316.818,13.752262
1387.2495841412986,10340.93,13.752907
1387.2579177110808,10309.602,13.753314
1387.2662512803963,10312.29,13.752469
1387.2745848501786,10284.016,13.742595
1387.2829184194952,10317.55,13.747476
1387.2912519883448,10295.313,13.740879
1387.2995855576614,10303.0625,13.747116
1387.309308054886,10293.548,13.737959
1387.3204194800205,10246.351,13.72577
1387.3287530484051,10301.323,13.742102
1387.3384755451639,10299.664,13.742018
1387.3468091130837,10264.955,13.735855
1387.3565316093777,10277.324,13.750758
1387.3648651777617,10271.223,13.732466
1387.3731987456813,10270.207,13.7345
1387.3815323131353,10253.147,13.728278
1387.3898658810535,10273.46,13.724852
1387.3995883764162,10235.975,13.717756
1387.4079219438702,10270.378,13.732022
1387.4162555108574,10260.756,13.730341
1387.4245890783113,10227.462,13.714603
1387.4329226452996,10263.995,13.718846
1387.441256211821,10277.297,13.734011
1387.4495897788088,10251.541,13.720344
1387.4579233453314,10252.933,13.727476
1387.4662569118527,10261.387,13.731855
1387.4745904779097,10252.549,13.731524
1387.4829240444317,10240.853,13.72581
1387.4912576104875,10270.468,13.739428
1387.4995911760789,10242.403,13.721571
1387.5079247421359,10250.4,13.721601
1387.5162583077258,10282.114,13.742104
1387.5245918733171,10291.661,13.750521
1387.5329254384428,10257.844,13.7302
1387.541259004033,10264.095,13.732056
1387.5495925691587,10271.647,13.738507
1387.5579261342843,10260.24,13.730174
1387.5662596989423,10268.844,13.7298
1387.5745932636023,10285.525,13.737558
1387.5829268282625,10294.536,13.744429
1387.5912603929212,10317.615,13.760339
1387.5995939571158,10291.588,13.749235
1387.6079275217749,10282.411,13.732583
1387.6162610855024,10295.843,13.748525
1387.6245946496967,10301.219,13.74745
1387.6329282134254,10303.541,13.746748
1387.6412617771534,10311.24,13.747875
1387.6495953408817,10305.339,13.756609
1387.6579289041447,10280.769,13.741944
1387.6662624678727,10306.518,13.744629
1387.6745960306694,10292.636,13.750028
1387.6829295939324,10298.301,13.745395
1387.6912631567293,10305.462,13.755398
1387.6995967195253,10294.219,13.756781
1387.7079302823226,10323.29,13.767529
1387.71626384512,10325.772,13.772134
1387.72459740745,10340.91,13.773847
1387.7329309697816,10311.168,13.760583
1387.7412645321133,10319.487,13.759306
1387.749598093978,10292.598,13.760046
1387.7676541446874,10322.054,13.760664
1387.7759877065523,10325.486,13.77388
1387.7843212679527,10339.974,13.774149
1387.792654829353,10314.901,13.76152
1387.800988390752,10358.673,13.777894
1387.8093219516868,10360.785,13.770069
1387.8176555126215,10370.879,13.774313
1387.825989073555,10365.327,13.780742
1387.8343226344898,10371.955,13.778927
1387.842656194959,10376.494,13.790652
1387.8509897554268,10360.858,13.77979
1387.8593233158952,10370.354,13.7929945
1387.8676568758985,10392.742,13.787363
1387.8759904363676,10382.56,13.786079
1387.884323996369,10404.382,13.80362
1387.8926575559067,10393.804,13.799089
1387.9009911159103,10396.89,13.794798
1387.9093246754467,10386.083,13.799566
1387.9176582349846,10384.464,13.793142
1387.9259917940567,10380.746,13.797022
1387.934325353593,10395.946,13.806627
1387.9426589126651,10420.704,13.80826
1387.9509924717372,10392.578,13.796405
1387.9593260303423,10391.25,13.785878
1387.9676595889482,10384.932,13.792306
1387.9759931475546,10416.258,13.817107
1387.9843267061603,10391.991,13.803188
1387.992660264766,10383.549,13.792365
1388.0009938229068,10371.898,13.792876
1388.0093273810471,10374.514,13.786738
1388.0176609387208,10402.504,13.787924
1388.0259944968616,10373.3,13.798053
1388.0343280545367,10401.896,13.809077
1388.0426616122106,10368.372,13.796457
1388.05099516942,10361.826,13.789239
1388.0593287266295,10433.165,13.818674
1388.0676622838378,10377.176,13.788289
1388.0759958410472,10369.83,13.791282
1388.084329398256,10327.104,13.773957
1388.0926629549983,10363.126,13.782034
1388.100996511742,10352.891,13.790368
1388.1093300680204,10363.6455,13.787111
1388.1176636247642,10328.557,13.774421
1388.1259971810402,10342.457,13.778787
1388.1343307373184,10327.242,13.761361
1388.142664293131,10308.367,13.767349
1388.1509978494078,10281.194,13.747358
1388.1593314052202,10279.089,13.755717
1388.167664960567,10287.402,13.749231
1388.175998516378,10301.535,13.766705
1388.1843320717248,10294.327,13.754961
1388.1926656270718,10278.992,13.749041
1388.200999182418,10275.716,13.758959
1388.2093327372977,10241.109,13.73621
1388.2176662926445,10301.212,13.763185
1388.2259998470602,10262.956,13.754858
1388.23433340194,10259.537,13.739001
1388.2426669563554,10238.657,13.736504
1388.2510005112358,10265.976,13.741347
1388.2593340651842,10234.95,13.739911
1388.2676676196,10224.377,13.726699
1388.2760011735497,10213.576,13.7209835
1388.2843347274988,10234.778,13.730296
1388.2926682814482,10215.082,13.718372
1388.301001835398,10210.89,13.718236
1388.3093353888821,10186.7295,13.71975
1388.317668942365,10197.759,13.724589
1388.326002495383,10197.085,13.713885
1388.334336048867,10247.222,13.73727
1388.3426696018842,10209.952,13.721823
1388.3510031549026,10246.804,13.731959
1388.359336707921,10242.538,13.737824
1388.3676702604726,10227.447,13.729943
1388.376003813025,10224.02,13.732667
1388.3843373655777,10237.297,13.732176
1388.3926709181305,10238.616,13.72235
1388.4010044702163,10241.131,13.728287
1388.4093380223037,10240.86,13.736383
1388.4176715743909,10233.381,13.726269
1388.426005126011,10230.06,13.729578
1388.4343386780984,10254.971,13.75609
1388.4426722297198,10246.458,13.738973
1388.451005780875,10274.768,13.763557
1388.4593393324951,10255.784,13.740498
1388.467672883651,10242.623,13.744389
1388.476006434807,10268.911,13.749518
1388.4843399859608,10289.946,13.751313
1388.492673536651,10284.054,13.760873
1388.5010070873411,10340.84,13.779591
1388.5093406380306,10314.44,13.761384
1388.5176741887203,10289.609,13.759712
1388.5260077389448,10294.589,13.772008
1388.5343412891693,10305.689,13.760935
1388.5426748393925,10330.269,13.772931
1388.5510083891513,10305.7295,13.767104
1388.559341939376,10309.664,13.767794
1388.5676754891329,10321.698,13.778172
1388.5760090388917,10356.829,13.787886
1388.5843425881849,10325.633,13.770531
1388.5926761374783,10370.1,13.810351
1388.60100968677,10355.902,13.788156
1388.6093432360626,10381.96,13.804148
1388.6176767853558,10332.234,13.777642
1388.626010334182,10339.803,13.781415
1388.6343438830097,10343.028,13.793656
1388.6426774318372,10341.721,13.780258
1388.651010980199,10336.544,13.784682
1388.6593445285598,10365.383,13.787765
1388.6676780769217,10355.361,13.790446
1388.6760116252835,10355.031,13.788263
1388.6843451731784,10350.947,13.793724
1388.6926787210741,10338.159,13.792959
1388.7010122689703,10358.066,13.791442
1388.7093458168665,10356.798,13.794119
1388.7176793642957,10357.798,13.789509
1388.7260129117255,10399.559,13.812336
1388.7343464591563,10365.099,13.797856
1388.7426800065855,10380.875,13.80637
1388.7510135535504,10382.255,13.814524
1388.7593471005152,10383.664,13.806519
1388.7676806474801,10395.6455,13.809285
1388.7760141939782,10426.165,13.820095
1388.784347740943,10394.889,13.816962
1388.7926812874423,10379.92,13.810282
1388.8010148334747,10373.366,13.80319
1388.809348379973,10401.11,13.810756
1388.8176819260068,10364.4375,13.80099
1388.8260154720404,10390.099,13.813727
1388.8343490180725,10392.584,13.807678
1388.8426825636407,10376.463,13.802242
1388.8510161092079,10386.429,13.805549
1388.8593496547744,10394.926,13.814286
1388.8690721245262,10385.182,13.809968
1388.8774056700943,10401.496,13.819157
1388.8857392151958,10411.057,13.823925
1388.8940727602967,10376.925,13.807367
1388.9024063049333,10385.651,13.8013935
1388.9107398500357,10415.21,13.822697
1388.919073394671,10377.059,13.807461
1388.9274069388418,10392.582,13.810825
1388.9357404834786,10378.968,13.809325
1388.9440740276495,10367.569,13.795907
1388.952407571819,10404.287,13.8108225
1388.96074111599,10338.351,13.791224
1388.9690746601605,10370.101,13.795867
1388.9774082038648,10336.578,13.782504
1388.9857417475696,10343.931,13.788582
1388.9940752912748,10341.622,13.78842
1389.00240883498,10342.59,13.777756
1389.0107423782179,10320.096,13.779702
1389.0190759214574,10311.054,13.780141
1389.027409464697,10320.078,13.774712
1389.035743007471,10301.676,13.781568
1389.0440765502435,10307.558,13.772708
1389.0524100930174,10278.723,13.761559
1389.0607436357916,10302.756,13.764068
1389.0690771785642,10278.464,13.755217
1389.0774107208724,10281.179,13.758316
1389.085744263181,10271.967,13.757107
1389.0940778054885,10266.537,13.74741
1389.1024113473297,10237.714,13.742816
1389.1107448891723,10247.595,13.74078
1389.1190784310152,10242.42,13.743436
1389.1274119728569,10230.158,13.734411
1389.1357455142327,10260.747,13.745901
1389.1482458267637,10203.501,13.743332
1389.156579367675,10207.974,13.730388
1389.1649129090506,10198.425,13.720244
1389.173246449962,10167.23,13.719249
1389.1815799908734,10183.151,13.723846
1389.189913531784,10193.307,13.727266
1389.1982470726948,10182.635,13.718359
1389.2065806131397,10195.906,13.729956
1389.2149141535854,10166.253,13.722459
1389.2232476940296,10231.543,13.741066
1389.2315812344755,10214.82,13.733603
1389.2399147744554,10225.914,13.745338
1389.2482483144347,10195.293,13.734162
1389.2565818544133,10212.652,13.726255
1389.2649153939278,10209.73,13.733211
1389.2732489334421,10220.591,13.734679
1389.2815824729564,10211.217,13.730526
1389.2899160124693,10225.67,13.73557
1389.2982495519836,10234.443,13.749207
1389.3065830910323,10247.292,13.751235
1389.3149166300805,10234.348,13.735461
1389.3232501691284,10245.769,13.750754
1389.3315837077107,10265.565,13.759949
1389.3399172467593,10247.935,13.762853
1389.348250785341,10272.42,13.760699
1389.3565843234585,10272.796,13.761492
1389.3649178620415,10290.046,13.770531
1389.373251400158,10282.732,13.764107
1389.381584938274,10274.568,13.7637825
1389.3899184763916,10299.728,13.776686
1389.398252014509,10290.656,13.767225
1389.4065855521608,10307.004,13.778423
1389.414919089811,10305.317,13.783402
1389.424641550249,10323.612,13.783126
1389.432975087435,10344.6875,13.798615
1389.441308625086,10332.058,13.786458
1389.4496421622714,10344.944,13.797324
1389.4579756989917,10337.028,13.788963
1389.4663092361777,10326.586,13.788668
1389.474642772897,10327.829,13.790186
1389.4829763096172,10355.811,13.806527
1389.491309846337,10357.784,13.811382
1389.4996433825916,10340.435,13.799363
1389.507976918845,10351.334,13.807405
1389.5163104550998,10352.417,13.801971
1389.5246439913544,10376.964,13.812574
1389.5329775276084,10348.281,13.805487
1389.542699986183,10382.073,13.822447
1389.5510335215065,10378.071,13.815014
1389.5593670572955,10342.163,13.805011
1389.5677005930838,10372.766,13.818118
1389.5760341284058,10376.954,13.811511
1389.5843676637294,10385.338,13.811923
1389.5927011990527,10357.629,13.810057
1389.6010347339106,10395.212,13.826507
1389.609368268767,10364.069,13.810075
1389.6190907259452,10360.485,13.804049
1389.6274242608029,10412.761,13.822988
1389.63575779566,10399.929,13.824838
1389.6440913300514,10409.647,13.840187
1389.6524248644434,10401.412,13.8249035
1389.66075839837,10385.18,13.823634
1389.6690919327607,10392.421,13.815723
1389.677425466687,10414.44,13.827163
1389.6857590006134,10381.335,13.820547
1389.694092534539,10359.953,13.808452
1389.7024260679987,10385.087,13.814235
1389.7107596014594,10408.9,13.835745
1389.71909313492,10400.553,13.825086
1389.72742666838,10372.695,13.824088
1389.7357602018396,10381.975,13.814803
1389.7440937348347,10385.725,13.819996
1389.7524272678297,10407.442,13.824405
1389.7607608008248,10374.572,13.817478
1389.7690943333528,10415.08,13.8290615
1389.7774278658821,10393.453,13.822263
1389.7857613984118,10410.614,13.833837
1389.7940949309411,10397.756,13.832096
1389.8024284634691,10369.509,13.81634
1389.8107619955322,10353.225,13.817062
1389.819095527596,10370.422,13.8049
1389.8274290596598,10350.761,13.806767
1389.8357625912565,10362.287,13.810298
1389.845485045176,10350.731,13.802256
1389.8538185767734,10360.435,13.814515
1389.8621521079058,10324.256,13.791342
1389.8704856395025,10342.196,13.801517
1389.8788191706349,10332.844,13.789579
1389.889930545478,10344.218,13.803752
1389.8982640766105,10321.536,13.789598
1389.906597607276,10292.595,13.786899
1389.9149311384085,10320.289,13.786789
1389.9246535904645,10284.139,13.770817
1389.9329871211312,10308.665,13.788178
1389.9413206517966,10274.677,13.779258
1389.9496541819976,10272.464,13.771946
1389.9593766335881,10255.461,13.772882
1389.9677101637894,10256.223,13.7591715
1389.9774326153783,10260.479,13.761616
1389.9871550669695,10241.493,13.755186
1389.995488596705,10227.455,13.755228
1390.003822125974,10267.268,13.764372
1390.012155655708,10224.121,13.750647
1390.020489184978,10231.942,13.753029
1390.0288227142478,10225.472,13.744494
1390.0385451649067,10237.217,13.761856
1390.0482676150996,10225.436,13.745432
1390.0566011443693,10205.377,13.742909
1390.0649346727077,10198.036,13.73471
1390.0732682015114,10200.399,13.737505
1390.0816017303148,10185.503,13.724885
1390.0899352586525,10231.173,13.751066
1390.098268786991,10175.981,13.71883
1390.1066023148637,10223.738,13.742558
1390.114935843201,10183.642,13.733588
1390.1232693710738,10208.853,13.735528
1390.1316028989468,10216.123,13.737996
1390.1399364268195,10221.648,13.741099
1390.1482699542253,10200.14,13.725155
1390.1566034816324,10220.413,13.740918
1390.1649370090395,10232.852,13.744051
1390.1732705364461,10217.119,13.734855
1390.1816040638519,10212.887,13.740191
1390.1899375907933,10223.861,13.754577
1390.1982711177347,10222.821,13.752936
1390.2066046446762,10254.252,13.762627
1390.2149381711502,10257.214,13.762206
1390.2232716980916,10264.87,13.768175
1390.2316052245674,10283.684,13.787931
1390.2413276719676,10318.687,13.784311
1390.249661198442,10293.473,13.77406
1390.267717171386,10291.018,13.78486
1390.2760506973962,10276.804,13.784232
1390.2843842234063,10274.537,13.767421
1390.2927177489487,10323.464,13.7951975
1390.3010512744934,10315.031,13.794396
1390.3093848000378,10316.0205,13.800402
1390.3177183255823,10354.387,13.809164
1390.32605185066,10346.705,13.815271
1390.3343853757387,10375.663,13.828717
1390.3427189008175,10370.029,13.828247
1390.3510524258963,10369.02,13.821438
1390.359385950508,10351.291,13.812842
1390.367719475587,10370.79,13.819841
1390.376052999734,10375.369,13.833739
1390.384386524347,10467.08,13.859404
1390.3927200489602,10387.666,13.834711
1390.4010535731063,10370.6455,13.82879
1390.4093870972533,10384.744,13.820034
1390.4177206214008,10385.043,13.8271265
1390.4260541455483,10423.252,13.848421
1390.4343876692287,10432.361,13.854413
1390.4427211929105,10424.877,13.849581
1390.4510547165926,10395.414,13.830625
1390.4593882402744,10398.039,13.83508
1390.4677217634892,10400.996,13.82998
1390.4760552867056,10383.129,13.821518
1390.4843888099217,10389.117,13.822575
1390.4927223331372,10385.676,13.827431
1390.5010558558877,10366.686,13.8124275
1390.5093893791027,10371.01,13.81649
1390.5177229018532,10373.894,13.812104
1390.526056424138,10373.635,13.825271
1390.5343899468878,10388.358,13.825381
1390.5427234691715,10365.58,13.816386
1390.5510569914563,10387.831,13.821107
1390.5593905137412,10370.9375,13.818489
1390.567724036026,10370.623,13.816276
1390.5760575578452,10397.269,13.823021
1390.584391079663,10382.578,13.819416
1390.5927246014824,10398.206,13.830692
1390.6010581233015,10387.736,13.829167
1390.6093916446544,10399.481,13.825777
1390.6177251664722,10399.887,13.8261
1390.626058687826,10363.973,13.815549
1390.6343922087137,10386.468,13.820197
1390.6427257300672,10389.723,13.834343
1390.6510592509544,10378.283,13.826157
1390.6593927718409,10366.316,13.834233
1390.667726292729,10372.046,13.816266
1390.6760598136168,10369.829,13.81736
1390.6843933340392,10385.697,13.824924
1390.69272685446,10362.7705,13.816926
1390.7010603748822,10360.389,13.803944
1390.7093938953044,10361.727,13.812359
1390.717727415261,10336.919,13.807063
1390.726060935683,10362.703,13.809531
1390.7343944556378,10366.939,13.816109
1390.7427279751287,10358.492,13.807296
1390.7510614950852,10346.732,13.802633
1390.759395014576,10347.406,13.80487
1390.7677285340665,10324.351,13.8007555
1390.776062053556,10326.554,13.7917385
1390.7843955730468,10326.378,13.799063
1390.792729092072,10301.479,13.791505
1390.8010626110972,10319.351,13.787043
1390.8093961301213,10326.332,13.790592
1390.8177296491465,10318.764,13.791805
1390.8260631681717,10317.915,13.787833
1390.8343966867315,10375.152,13.819077
1390.842730205291,10330.0205,13.797976
1390.8510637238485,10276.975,13.770553
1390.8593972419424,10284.443,13.774067
1390.8677307605021,10255.377,13.772321
1390.876064278596,10249.595,13.760909
1390.8843977966892,10234.497,13.747868
1390.892731314316,10236.819,13.751292
1390.9010648324102,10223.487,13.760277
1390.9093983500384,10218.786,13.73555
1390.9177318676666,10336.977,13.80614
1390.9260653852934,10263.632,13.759599
1390.934398902456,10221.156,13.740651
1390.9427324200842,10222.755,13.745091
1390.976066488267,10408.31,13.83157
1390.984400004964,10303.424,13.779608
1390.992733521661,10247.8125,13.758285
1391.0010670383579,10244.068,13.750318
1391.009400554587,10215.487,13.745892
1391.017734071284,10232.294,13.75572
1391.0260675875154,10257.83,13.755593
1391.034401103281,10284.819,13.771628
1391.0427346195115,10270.958,13.759093
1391.0510681357423,10277.596,13.766584
1391.0594016515079,10267.829,13.761077
1391.0677351672734,10241.829,13.756287
1391.0760686825734,10280.929,13.772906
1391.0844021983385,10279.334,13.766806
1391.092735713637,10284.827,13.766957
1391.101069228937,10291.181,13.770587
1391.1094027442368,10297.657,13.774867
1391.1177362595367,10288.903,13.762331
1391.1260697743696,10330.627,13.788139
1391.134403289669,10290.065,13.77589
1391.1427368045033,10303.361,13.771331
1391.151070318872,10324.525,13.789397
1391.1594038337062,10326.674,13.783097
1391.1677373480736,10323.15,13.779171
1391.1760708624422,10368.501,13.7908125
1391.184404376811,10328.106,13.7929125
1391.1927378911796,10347.587,13.793407
1391.2010714050825,10353.795,13.793989
1391.209404918984,10351.571,13.800327
1391.2177384328863,10396.918,13.815086
1391.2260719467895,10378.16,13.805756
1391.2344054606924,10384.798,13.811445
1391.2427389741297,10388.134,13.813352
1391.251072487565,10389.55,13.811814
1391.260794920064,10398.901,13.815027
1391.2691284330356,10377.549,13.816392
1391.2774619464728,10365.325,13.798063
1391.2857954594447,10376.322,13.804836
1391.2955178914758,10398.468,13.815016
1391.3038514039818,10373.692,13.808043
1391.3121849169534,10382.864,13.809799
1391.3205184294595,10393.743,13.809497
1391.3288519419655,10395.323,13.828673
1391.3371854544694,10445.045,13.834151
1391.3455189669753,10386.827,13.805892
1391.3538524790158,10404.924,13.821756
1391.362185991056,10392.1,13.817409
1391.3705195030964,10418.0625,13.825318
1391.3788530151355,10391.486,13.817845
1391.3871865271758,10382.429,13.807916
1391.3955200387504,10408.591,13.815859
1391.403853550325,10418.973,13.814034
1391.4121870618992,10396.78,13.813929
1391.4205205734725,10392.323,13.809252
1391.428854085047,10403.688,13.819864
1391.437187596156,10389.339,13.8153515
1391.445521107265,10397.212,13.822736
1391.4538546183735,10385.687,13.804452
1391.462188129481,10377.684,13.803464
1391.4705216401244,10383.824,13.807253
1391.4788551507677,10401.366,13.819649
1391.487188661411,10355.829,13.7981
1391.4955221720545,10426.652,13.831596
1391.5038556826971,10351.896,13.787045
1391.512189192874,10360.381,13.806529
1391.520522703052,10345.875,13.793071
1391.5288562132296,10364.657,13.795046
1391.5371897234065,10352.8,13.794983
1391.5455232331185,10364.658,13.799776
1391.5552456614253,10345.615,13.785035
1391.5635791711372,10329.134,13.784417
1391.5719126808485,10386.534,13.802345
1391.5802461905605,10339.61,13.782152
1391.5885796998068,10373.431,13.793228
1391.596913209052,10359.6875,13.805222
1391.605246718764,10364.109,13.795924
1391.613580227544,10362.959,13.796686
1391.6219137367902,10340.391,13.785154
1391.6302472455711,10332.656,13.778661
1391.638580754816,10351.998,13.781953
1391.6469142635967,10311.439,13.768414
1391.655247771912,10312.203,13.775613
1391.6635812806926,10302.337,13.766626
1391.6719147890076,10299.3,13.761254
1391.680248297322,10298.634,13.769034
1391.6885818056362,10299.926,13.760883
1391.6969153139507,10297.803,13.756655
1391.7052488222657,10302.625,13.767121
1391.713582330115,10274.212,13.760002
1391.7219158379644,10276.988,13.752679
1391.7302493458124,10256.9795,13.746142
1391.7385828536612,10274.927,13.755477
1391.746916361045,10259.542,13.742232
1391.7552498688942,10254.342,13.740672
1391.763583376278,10226.493,13.744539
1391.771916883661,10244.621,13.739174
1391.7802503905784,10247.358,13.737777
1391.788583897962,10256.691,13.745539
1391.7969174048803,10212.438,13.7247925
1391.806639829928,10229.523,13.73127
1391.8149733363803,10226.479,13.7306
1391.8260846790913,10200.411,13.723428
1391.8344181855437,10217.207,13.729492
1391.8427516919962,10214.202,13.73074
1391.851085198448,10217.82,13.7212105
1391.860807622565,10213.129,13.724062
1391.869141129016,10227.964,13.732506
1391.8774746350027,10209.786,13.726304
1391.8858081409894,10215.483,13.723193
1391.8941416469756,10222.232,13.724215
1391.9024751529623,10231.602,13.720496
1391.9108086584827,10245.696,13.736388
1391.9191421644687,10223.988,13.725433
1391.9274756699897,10227.093,13.733806
1391.935809175511,10211.579,13.719687
1391.9441426805663,10230.033,13.735998
1391.9524761860873,10238.962,13.735973
1391.9608096911415,10263.049,13.7396145
1391.969143196197,10258.644,13.74351
1391.9774767012516,10379.853,13.806208
1391.985810206307,10307.06,13.760046
1391.9941437113625,10252.601,13.742522
1392.0024772159522,10313.349,13.769493
1392.0108107205406,10271.88,13.74628
1392.0191442251296,10292.889,13.751181
1392.0274777297195,10271.899,13.750947
1392.0358112338436,10308.951,13.771635
1392.0441447384333,10311.026,13.75582
1392.0524782425566,10304.839,13.759724
1392.06081174668,10315.529,13.768658
1392.069145250804,10327.003,13.7702875
1392.0774787544626,10349.701,13.778131
1392.0858122585867,10329.326,13.785702
1392.0941457622444,10354.837,13.782398
1392.1024792659014,10337.425,13.783094
1392.1108127695597,10366.64,13.786781
1392.1191462732183,10335.164,13.779942
1392.127479776411,10377.208,13.802675
1392.135813279603,10376.685,13.799045
1392.1441467827958,10370.537,13.793309
1392.1538692031863,10359.264,13.786928
1392.162202706379,10410.307,13.81301
1392.1705362091063,10360.673,13.803348
1392.1788697118327,10393.956,13.804692
1392.1872032150254,10393.25,13.799668
1392.1955367172868,10404.409,13.810096
1392.2038702200125,10395.861,13.80312
1392.2122037227398,10394.016,13.806083
1392.2205372250012,10406.581,13.80006
1392.230259644461,10415.443,13.813889
1392.2385931467225,10424.43,13.820238
1392.2469266485182,10424.51,13.812468
1392.25803798471,10404.738,13.805981
1392.2677604037049,10426.123,13.817023
1392.2844274072963,10395.305,13.806875
1392.294149825825,10411.841,13.805944
1392.303872244352,10409.968,13.816459
1392.3122057456821,10385.798,13.804894
1392.3219281642114,10420.398,13.827578
1392.3302616650758,10382.222,13.797701
1392.3413730003376,10384.519,13.805657
1392.349706501202,10396.383,13.801767
1392.358040002065,10409.68,13.801951
1392.3663735029295,10367.867,13.788034
1392.3747070037934,10363.306,13.785786
1392.3830405046579,10380.757,13.789573
1392.3913740055223,10366.773,13.795938
1392.4024853393864,10367.106,13.790391
1392.4108188397845,10342.301,13.783167
1392.4191523401832,10341.985,13.771919
1392.4274858405822,10367.009,13.775816
1392.4358193405153,10352.998,13.787505
1392.444152840914,10364.116,13.781635
1392.4524863408474,10337.153,13.775917
1392.4608198407782,10336.767,13.772608
1392.4691533407115,10323.34,13.766941
1392.4788757569122,10330.317,13.782736
1392.4872092568455,10340.114,13.780984
1392.4955427563123,10321.633,13.761049
1392.5038762557797,10320.481,13.765432
1392.5122097552457,10295.976,13.760877
1392.5205432547132,10324.481,13.774051
1392.5288767541808,10318.061,13.772708
1392.537210253182,10295.649,13.764492
1392.5455437521837,10299.149,13.753047
1392.553877251651,10323.562,13.761642
1392.562210750186,10301.535,13.753951
1392.5705442491878,10309.01,13.757772
1392.5788777481896,10295.977,13.761924
1392.587211246726,10263.578,13.73805
1392.595544745262,10276.588,13.739725
1392.6038782442638,10299.898,13.748158
1392.6122117423342,10244.576,13.727871
1392.6205452408685,10261.392,13.733085
1392.6288787394046,10262.621,13.725998
1392.637212237475,10274.278,13.73465
1392.6455457355455,10262.554,13.723281
1392.6538792336155,10264.769,13.73789
1392.662212731686,10274.808,13.733831
1392.6733240622902,10269.935,13.735777
1392.6830464766279,10259.725,13.730634
1392.6913799742329,10243.516,13.7273655
1392.6997134718376,10237.512,13.714725
1392.7080469694424,10239.725,13.72633
1392.7163804670472,10219.804,13.725543
1392.7247139646515,10242.6455,13.7273
1392.73304746179,10277.402,13.738226
1392.7413809589284,10242.943,13.722658
1392.7497144565332,10234.479,13.723714
1392.7677703666136,10249.467,13.737852
1392.776103863752,10246.749,13.736594
1392.7844373604244,10258.67,13.743631
1392.7927708575635,10287.447,13.740641
1392.801104354237,10245.102,13.735542
1392.8094378509104,10269.715,13.746784
1392.8191602633854,10269.882,13.744632
1392.8274937600588,10291.449,13.753538
1392.8358272567325,10250.716,13.734535
1392.844160752939,10267.063,13.736162
1392.8524942491467,10261.592,13.746557
1392.8608277453538,10234.41,13.734282
1392.8691612415616,10286.343,13.7488365
1392.8774947377697,10275.1455,13.749246
1392.8858282339775,10272.388,13.750069
1392.8941617297196,10288.392,13.748625
1392.9024952254604,10293.406,13.7461605
1392.9108287212025,10292.631,13.761764
1392.9191622169446,10317.492,13.765043
1392.927495712687,10307.857,13.761473
1392.9358292084285,10322.517,13.768924
1392.944162703705,10331.227,13.767142
1392.952496199447,10301.749,13.759758
1392.9608296947224,10329.403,13.765305
1392.9691631899989,10340.931,13.777836
1392.9774966852747,10346.595,13.777338
1392.9858301805511,10335.148,13.7780485
