Time,FWL,e_FWL,FWB01,e_FWB01,FWB02,e_FWB02,FWB03,e_FWB03,FWB04,e_FWB04,FWB05,e_FWB05,FWB06,e_FWB06,FWB07,e_FWB07,FWB08,e_FWB08,FWB09,e_FWB09,FWB10,e_FWB10,FWB11,e_FWB11,FWB12,e_FWB12,FWB13,e_FWB13,FWB14,e_FWB14,FWB15,e_FWB15,FWB16,e_FWB16,FWB17,e_FWB17,FWB18,e_FWB18,FWB19,e_FWB19,FWB21,e_FWB21,FWB22,e_FWB22,FWB23,e_FWB23,FWB24,e_FWB24,FWB25,e_FWB25,FWB26,e_FWB26
0.0,1.001561816,0.000207819,0.998636185,0.001033952,1.000043275,0.000968603,1.000022635,0.000807565,0.999887442,0.00079142,1.0,0.000823104,1.002427338,0.000800891,1.002456175,0.000795964,1.00091868,0.0007755,1.000671294,0.001715053,1.000383683,0.001764727,0.999747145,0.001740462,1.003110192,0.000837192,0.999319172,0.000886097,1.000025837,0.000896294,1.000411384,0.00090254,1.000142773,0.000930092,0.998790793,0.00102748,1.000734673,0.001093802,0.998016954,0.001249137,0.998235819,0.001334333,1.000623397,0.001501768,0.9973911,0.0016974,1.002182221,0.001810887,1.002301224,0.001959619,1.001255541,0.002255342
0.003032000000530388,1.000601795,0.000207462,0.997626524,0.001031198,0.999776028,0.000967384,0.999021521,0.000806437,1.001257897,0.00079157,0.999530335,0.00082252,1.000743386,0.000789173,1.000624558,0.000804706,1.001159549,0.000766831,1.000829012,0.001715329,1.003622534,0.0017684,0.99873432,0.001841032,0.99854246,0.000834425,0.997652031,0.000883879,0.998471703,0.000895193,0.999037825,0.000902351,0.999550634,0.000929823,0.997725609,0.001025414,0.998120169,0.001092435,0.999055508,0.001247652,0.998683945,0.001328466,1.00031016,0.00149131,0.998996441,0.001690816,1.0,0.001791933,0.99971746,0.001968479,0.997278313,0.002181205
0.006065000001399312,1.000448065,0.000207042,0.99781399,0.001026514,0.998698132,0.000963994,0.999182499,0.000804774,1.000253988,0.000789711,1.001070885,0.000821801,1.0,0.000787905,1.000907411,0.000803722,0.999322563,0.000763894,1.000851174,0.001712403,1.000999938,0.001759945,1.002236949,0.001737135,0.998984043,0.000844169,0.998732794,0.000884089,0.998435754,0.000893598,1.000329412,0.000901945,0.997932237,0.000927648,0.998044317,0.001025451,1.000082513,0.001090895,0.99797321,0.001243799,0.99916574,0.001328522,1.000476784,0.001489746,1.002011545,0.00169232,0.99903131,0.00179021,0.988152175,0.001936101,1.001591623,0.002178318
0.009098000002268236,1.000777555,0.000206738,0.999511653,0.001023577,0.999663728,0.000961903,0.999969248,0.000803342,1.000919453,0.000788166,1.000002142,0.000819637,0.999743575,0.000786289,0.999844114,0.000791981,0.999559773,0.00077178,0.999266369,0.001706387,1.000906913,0.001756407,0.999418249,0.001727521,0.997285574,0.000841512,1.004517248,0.000873619,1.000109579,0.000893742,0.998842563,0.000900625,1.000277134,0.000940988,0.99849066,0.001023107,0.998680845,0.001088164,1.000667159,0.001244115,0.99876749,0.001326769,0.994234877,0.001483234,1.005648497,0.001720029,0.997607168,0.001758376,0.997192007,0.001961534,0.999897322,0.00217394
0.012129000002460089,1.001500205,0.000206818,0.998297658,0.001021023,1.000615988,0.000960877,1.002659328,0.000803767,1.000843586,0.00078785,1.000495248,0.000819538,1.003018472,0.000787425,0.999864006,0.000801396,1.001208379,0.000762774,0.998526226,0.00170568,0.997810933,0.001751345,0.999376408,0.001728526,1.001001853,0.000843534,1.000651788,0.000883121,1.00097487,0.000893762,1.000861729,0.00090126,0.999801029,0.000928046,1.001069691,0.001025746,0.99882544,0.001089811,1.001175857,0.001244217,1.001396303,0.001331407,0.997525149,0.001487143,1.001105309,0.001692815,0.997700326,0.001789182,1.000176211,0.001970502,0.997816452,0.002173682
0.015162000003329013,1.000728076,0.000206623,0.995447016,0.001016289,0.999674691,0.000958286,0.999798607,0.000800668,1.001322936,0.000786856,1.00034183,0.000818439,1.001555509,0.000785829,0.999758413,0.000800414,0.999773789,0.000761593,1.002217916,0.001708194,0.998460434,0.001751132,1.001571341,0.001729821,0.999494889,0.000841938,0.998335072,0.000881751,1.001668863,0.000894063,0.999122884,0.000899616,0.998399866,0.000926434,1.000073655,0.001024879,0.999065314,0.00109026,1.000151685,0.001243115,0.999692892,0.001331479,0.998422626,0.001490788,1.002564614,0.001698968,0.994232416,0.001788174,1.003116863,0.001976368,1.002205288,0.00218744
0.018195000004197937,1.001349395,0.000205805,0.999072895,0.001014582,1.0,0.000956382,1.002192961,0.000800529,1.000252984,0.000785022,1.001187277,0.000817478,1.001683561,0.0007843,0.999558685,0.000798542,1.00048165,0.000759662,1.000663961,0.001702305,0.995134423,0.001740802,1.006088318,0.001730074,1.000378014,0.000840283,0.99974546,0.00087925,1.000158024,0.00089028,1.001486449,0.000898747,0.999671384,0.000924123,1.002043242,0.00102282,0.999937445,0.001085786,1.002814258,0.001235368,1.000066501,0.00131867,0.997626225,0.00147545,1.00210234,0.001678065,0.997901713,0.001775785,0.99750767,0.001949521,1.0,0.002158092
0.021227000004728325,1.000203054,0.000205463,0.996564715,0.001009562,0.998695393,0.000952597,0.998488312,0.000796742,1.00047019,0.000784207,1.000810652,0.000816479,1.00143292,0.000784078,1.000948727,0.000798981,0.998619618,0.000758229,0.999443172,0.001701684,0.998480132,0.001854716,0.998952166,0.00172146,0.998948137,0.000828288,1.000336882,0.000879948,0.999160158,0.000889382,0.997685746,0.000896725,0.998820282,0.00092381,0.99947701,0.001020527,0.997493702,0.001083232,0.999727748,0.001232208,1.00010125,0.00132247,1.000677997,0.001482128,1.000118509,0.001698414,0.994900296,0.001750942,1.001372658,0.001953715,1.00213452,0.002188239
0.024259000005258713,0.999014559,0.000204936,0.997059961,0.001008052,0.998551617,0.000951057,0.998511612,0.000795998,0.998695659,0.000781583,0.996164106,0.000812649,0.999620793,0.000782117,0.998661251,0.000786637,0.998457938,0.00076615,1.000898846,0.001698233,1.000956002,0.001746317,0.997351169,0.00171516,0.997836018,0.000826347,1.000916573,0.000878581,0.999510851,0.000889024,0.998872586,0.000896678,0.999723999,0.000924038,0.997673663,0.001020534,0.994636537,0.001080179,0.997185314,0.001237856,0.997844331,0.00133983,0.99657152,0.001456836,0.996454662,0.001693193,0.995634827,0.001758619,0.999479911,0.001951323,0.997955578,0.002209464
0.02729199999885168,0.996579647,0.000204185,0.995231,0.001004513,0.993953953,0.000947642,0.996325231,0.000794571,0.997633339,0.000782106,0.997543024,0.00081443,0.996694074,0.000780753,0.996862541,0.000786135,0.996525916,0.000764463,0.99559042,0.001689573,0.995561424,0.001736059,0.997143302,0.001714358,0.995848074,0.00083391,0.994444094,0.000861367,0.995882869,0.0008861,0.99563291,0.000893611,0.996770218,0.000921681,0.994868977,0.001017033,0.994604969,0.001077866,0.993860159,0.001228291,0.997023946,0.001309019,0.995585122,0.001447915,0.991657471,0.00167813,0.99524249,0.001760839,0.998191987,0.001904679,0.997528636,0.002187637
0.030323999999382067,0.993940927,0.000204213,0.991261576,0.001001291,0.994958416,0.000948398,0.994080199,0.00079374,0.994731801,0.000780461,0.993978245,0.000812295,0.99401805,0.000779443,0.993505489,0.00078508,0.993730015,0.00076403,0.99227906,0.001689232,0.992262482,0.001737283,0.992092941,0.001710995,0.986684701,0.000818481,0.994810823,0.000875466,0.99443469,0.000886524,0.994455698,0.000894281,0.993703335,0.000921639,0.994655712,0.001019908,0.990994983,0.001079115,0.990815116,0.001229129,0.995414345,0.001333776,0.994510408,0.001453068,0.992498651,0.001688016,0.992151713,0.001750488,0.99221894,0.001939171,0.990840362,0.002192028
0.03334500000346452,0.992054352,0.000203567,0.989250584,0.00100714,0.994789021,0.000935354,0.99247166,0.000791075,0.993717098,0.00077822,0.993929319,0.000811062,0.993429241,0.000778136,0.992241264,0.00078323,0.987427108,0.000758158,0.996899078,0.00169205,0.992922232,0.001733592,0.992907174,0.00170911,0.990916431,0.000821181,0.992876838,0.000872624,0.98983858,0.000882665,0.991754731,0.000892495,0.987643995,0.00091699,0.992781255,0.001017122,0.990284843,0.001077132,0.988766736,0.001224658,0.98805953,0.001305185,0.992061766,0.001468267,0.991318317,0.001655572,0.991518129,0.001763631,0.988910961,0.001927268,0.989340294,0.002153939
0.036378000004333444,0.990639913,0.000202974,0.988876364,0.001006691,0.991789114,0.000933241,0.992059054,0.000790595,0.991704868,0.000777189,0.993881295,0.000800725,0.99329,0.000787771,0.987933701,0.000779469,0.991198867,0.000752552,0.989230997,0.001683211,0.990359278,0.00172749,0.994360483,0.001708435,0.988649592,0.000829289,0.989207042,0.000869069,0.990015865,0.000870059,0.991624369,0.000903386,0.98690732,0.000915286,0.989771343,0.001012576,0.98736668,0.001071481,0.987433885,0.001218231,0.989794366,0.001301114,0.987981874,0.001453426,0.990464365,0.001668621,0.982541727,0.001734225,0.994102131,0.001913743,0.982906611,0.002099541
0.03941000000486383,0.989029308,0.000202158,0.986527446,0.000988942,0.991430373,0.000940021,0.990354955,0.00078779,0.989636208,0.00077452,0.98943605,0.000806493,0.990153555,0.000774711,0.98969739,0.000779791,0.987735578,0.000757281,0.986450521,0.001670541,0.989077271,0.001723432,0.989998301,0.001698457,0.988658919,0.000816566,0.987435717,0.000864957,0.98854213,0.000878025,0.988352144,0.000886126,0.9886671,0.000913638,0.989834262,0.00101068,0.98630106,0.001068628,0.985910651,0.001213749,0.986441753,0.001312583,0.986949203,0.001430367,0.987849705,0.001662473,0.989117,0.001724709,0.986941542,0.001908241,0.985026632,0.002152516
0.04244199999811826,0.988705143,0.000201604,0.985155221,0.000997678,0.989886483,0.00092748,0.988788699,0.000785959,0.989796772,0.00077389,0.992929222,0.000796971,0.987088932,0.000781791,0.990322182,0.000779474,0.987398988,0.000747711,0.987480034,0.001674748,0.990408075,0.001720793,0.987624221,0.001694392,0.989256021,0.000825522,0.989304166,0.000864987,0.988452593,0.000865225,0.986721502,0.00089665,0.986926054,0.000911014,0.985603759,0.001004292,0.987396304,0.001065314,0.985457178,0.001207235,0.986961336,0.001286989,0.987381017,0.00144017,0.991012546,0.001650336,0.98281888,0.001719098,0.991701792,0.001892412,0.982358905,0.002064642
0.04547499999898719,0.987759094,0.000201486,0.984626512,0.000995407,0.982742149,0.000923804,0.986847417,0.000784065,0.989627641,0.000773046,0.989075199,0.000805359,0.988039459,0.000772277,0.987823844,0.000777563,0.988613184,0.000756568,0.991309757,0.001675616,0.991854705,0.001720783,0.992142181,0.001696756,0.987906961,0.000814053,0.987739834,0.0008635,0.988306726,0.000876366,0.988459586,0.000885066,0.986482277,0.000910744,0.987118472,0.001005647,0.985824455,0.001065734,0.984358362,0.001207959,0.986228461,0.001287504,0.987296782,0.001443588,0.982979436,0.001622959,0.985123389,0.001732589,0.988590283,0.001899106,0.978064107,0.002093988
0.048506999999517575,0.98799175,0.000201477,0.985866728,0.000993669,0.990883865,0.000926152,0.988295217,0.000784426,0.987564826,0.000771683,0.988238823,0.000804723,0.987804637,0.000772396,0.986454017,0.000777037,0.988404765,0.000756235,0.987844037,0.001669538,0.988982768,0.001717298,0.986169691,0.001689432,0.987790367,0.000813959,0.987376205,0.00086333,0.986769475,0.000876177,0.987311218,0.000884968,0.984230398,0.000909313,0.987150613,0.001005349,0.988131606,0.001067294,0.985940935,0.001208012,0.988983042,0.001291483,0.9862206,0.00144277,0.986958899,0.001626069,0.989220542,0.001738069,0.989005537,0.00189854,0.991226293,0.002117045
0.05153900000004796,0.987706482,0.000201207,0.982183464,0.000990982,0.98767788,0.00092431,0.987903364,0.000783626,0.987350386,0.00077101,0.988886657,0.000803824,0.987712832,0.000771495,0.989188976,0.000777583,0.986652342,0.000754994,0.988268944,0.00166979,0.989966762,0.001720592,0.982737546,0.00168434,0.98853494,0.000813112,0.987449376,0.000862605,0.986153019,0.000874448,0.986334339,0.000884141,0.987329786,0.000910129,0.985979337,0.001003671,0.986124886,0.001064323,0.993140332,0.001211008,0.987458508,0.001285837,0.988744942,0.00144152,0.987106396,0.001621224,0.98612882,0.001730259,0.988429184,0.001897508,0.98302715,0.002103321
0.054560000004130416,0.9868707,0.00020093,0.986379117,0.00099139,0.986224813,0.000921625,0.984774038,0.000780287,0.987402023,0.000770046,0.98782452,0.000803578,0.986736296,0.000770642,0.986408571,0.000775588,0.98617281,0.000745724,0.985590396,0.001667438,0.985829649,0.00171422,0.984445985,0.001789024,0.986546625,0.000812063,0.986156398,0.000861446,0.986263362,0.000862692,0.987699824,0.00088525,0.987695273,0.0009236,0.985902274,0.001002918,0.987335673,0.001064126,0.986233815,0.001204477,0.984272726,0.001283921,0.987573404,0.001440101,0.987545611,0.001617411,0.989864787,0.001731127,0.987460882,0.001894213,0.98461003,0.002106769
0.05759300000499934,0.986427751,0.000200632,0.986324563,0.000977316,0.98641894,0.000929373,0.987527808,0.000780608,0.986677244,0.000768018,0.987416538,0.000790898,0.984680284,0.000777101,0.98656478,0.000774083,0.985893306,0.000752305,0.98882325,0.001667555,0.988504288,0.00171418,0.989668102,0.001689289,0.985149223,0.000810457,0.984384086,0.000860262,0.986277053,0.000873386,0.983312186,0.000879878,0.985848989,0.000907726,0.985374007,0.001002296,0.987022238,0.001063768,0.986393316,0.001203392,0.985816287,0.00128839,0.989181988,0.00144642,0.986395573,0.00162216,0.987802923,0.001738485,0.980792901,0.001894802,0.983382398,0.002139113
0.06062499999825377,0.98678561,0.000200875,0.987370794,0.000986886,0.98703335,0.00091924,0.987911557,0.000780374,0.987680063,0.000768906,0.988368584,0.000791879,0.987975501,0.00077973,0.987704287,0.000775488,0.987281757,0.000745978,0.984955665,0.001666719,0.986765951,0.001711326,0.985454967,0.001687712,0.985978299,0.00082212,0.986551017,0.000861416,0.9872422,0.000862979,0.984044145,0.00089429,0.985766481,0.000909592,0.982937088,0.001002853,0.983340679,0.001062615,0.984119257,0.001205532,0.987471601,0.001289798,0.982404682,0.001438633,0.987593166,0.001648847,0.984815029,0.001723574,0.992511169,0.001903092,0.984536428,0.002086226
0.06365699999878416,0.986714419,0.000200284,0.985304755,0.000985287,0.98530134,0.000916413,0.986149208,0.000778154,0.986180858,0.00076634,0.987076059,0.000789528,0.986514886,0.000777437,0.988456523,0.000773722,0.987187811,0.000743557,0.984234353,0.001658226,0.990279943,0.00171466,0.983962094,0.001680703,0.98441101,0.000819321,0.986164979,0.000859045,0.985235559,0.000860036,0.988206358,0.000894503,0.988505675,0.000908499,0.985772243,0.001001719,0.985662239,0.001061837,0.985457642,0.001199765,0.986695585,0.001281874,0.982179952,0.001430609,0.992322061,0.001647585,0.985675457,0.001715146,0.987315493,0.001886381,0.987764761,0.002074775
0.06668999999965308,0.986487015,0.000200059,0.986756327,0.000984377,0.985059552,0.000915526,0.985375458,0.000777557,0.985216548,0.000765551,0.986843266,0.000799457,0.986005908,0.000767466,0.987407636,0.000773374,0.986606947,0.000751846,0.981755378,0.001655529,0.984332894,0.001705411,0.984175081,0.001680887,0.986042935,0.000809079,0.987329383,0.000859403,0.987020625,0.00087269,0.986847136,0.000881266,0.986850751,0.000906628,0.986497083,0.00100146,0.986052094,0.00106042,0.985286887,0.001198272,0.984140049,0.001276072,0.988764043,0.001432176,0.988008354,0.00161296,0.985100532,0.001715464,0.990238401,0.001892911,0.985004177,0.002090806
0.06972200000018347,0.985858086,0.00019967,0.983142405,0.000979672,0.984173478,0.00091403,0.98559833,0.00077694,0.984140603,0.00076403,0.984415929,0.000786778,0.985620777,0.000775715,0.985290294,0.00077108,0.986789452,0.000742331,0.987668715,0.001662445,0.986050011,0.001705753,0.989477573,0.001683181,0.986715337,0.00081905,0.986952735,0.000847265,0.986486984,0.000871532,0.985645452,0.000879902,0.986432653,0.000918395,0.985945104,0.001000229,0.986957624,0.001060738,0.984599275,0.001193589,0.988273877,0.001277402,0.986773381,0.001426393,0.992161521,0.00163692,0.9784215,0.001696133,0.98277431,0.001869158,0.98384907,0.002057434
0.0727550000010524,0.986326071,0.000199152,0.984318338,0.000978272,0.986504148,0.000913719,0.986912658,0.000775964,0.986093751,0.000763897,0.98702574,0.000797508,0.986323918,0.000765575,0.985875768,0.000769741,0.985726732,0.000748708,0.985122232,0.001653355,0.987125706,0.001702864,0.986235261,0.001675516,0.986064061,0.000806395,0.986316982,0.00085595,0.98634054,0.0008693,0.987936336,0.000878478,0.985166243,0.000902892,0.986696936,0.000996911,0.986274551,0.001056786,0.983340236,0.001185597,0.984853323,0.00126982,0.987329547,0.001417721,0.982640586,0.00159229,0.983209346,0.00169761,0.991311917,0.001875629,0.985447697,0.002072563
0.07578700000158278,0.98645063,0.000199307,0.989660257,0.000968518,0.98471779,0.000920666,0.986888348,0.000775003,0.984494844,0.000762185,0.986072614,0.000785897,0.986869858,0.00077514,0.986543439,0.000769481,0.984443063,0.000739644,0.983962235,0.001653153,0.983292993,0.001701871,0.98578794,0.001676965,0.987520972,0.000818293,0.986958422,0.000846231,0.9857391,0.000869823,0.9850914,0.000878337,0.987430523,0.000905859,0.986633268,0.001001705,0.985819189,0.001060269,0.984725969,0.001198931,0.989083802,0.001278337,0.988527378,0.001414127,0.986375579,0.001628839,0.986979742,0.001716646,0.984900301,0.001859229,0.987611706,0.002150019
0.07881900000211317,0.986339997,0.000199367,0.983214501,0.000964997,0.986630685,0.000922194,0.987940272,0.000775921,0.988028929,0.000764166,0.988123524,0.000786833,0.985178236,0.000773832,0.986066737,0.000769775,0.984857772,0.000739422,0.985387722,0.00165541,0.986232498,0.001705407,0.985531446,0.001676121,0.988313528,0.00081868,0.985768421,0.000845505,0.986650019,0.000870738,0.987136369,0.000880262,0.986114743,0.000905421,0.983985687,0.000999836,0.984212199,0.001059446,0.985693677,0.0012003,0.98573429,0.001277809,0.986744251,0.001413092,0.987329547,0.001635944,0.986741039,0.001713775,0.985442241,0.001863464,0.981945842,0.002144002
0.08185100000264356,0.986693128,0.000199547,0.985046385,0.000976676,0.986009562,0.000911501,0.985147587,0.000774465,0.985985526,0.000763423,0.987444294,0.000786803,0.986906706,0.000774833,0.9886938,0.000771533,0.987192951,0.000741727,0.989513862,0.00166206,0.985403548,0.001703324,0.984354995,0.001679081,0.985982011,0.000808471,0.986116,0.000857462,0.988810354,0.000872652,0.985268385,0.000879495,0.986920669,0.000905936,0.986180996,0.001002059,0.985164779,0.001061263,0.987988409,0.001202043,0.988168399,0.001282,0.987195145,0.001416436,0.990473855,0.001640225,0.985538062,0.001719173,0.987127701,0.001886525,0.982153287,0.002115748
0.08488400000351248,0.986088089,0.000199431,0.985506634,0.000964371,0.986952898,0.00092086,0.985368472,0.000774203,0.985656638,0.000762584,0.984859392,0.000784845,0.986899894,0.00076504,0.986091226,0.000779589,0.986881986,0.000740871,0.986597451,0.001656204,0.984503113,0.001702595,0.986459076,0.001679561,0.986333304,0.000817841,0.985769485,0.000846046,0.987653324,0.000872207,0.986218836,0.000879275,0.986014387,0.000905748,0.985897452,0.001001838,0.98511911,0.001061201,0.988966691,0.001202311,0.985777533,0.001301354,0.983505221,0.00141159,0.985638662,0.001642626,0.988776942,0.001705814,0.985728515,0.001893915,0.98236934,0.002150813
0.08791600000404287,0.986937502,0.000198936,0.986246342,0.000961259,0.986285724,0.000918177,0.988108882,0.000772953,0.985525799,0.000760831,0.987135138,0.000784748,0.984656157,0.000762282,0.987982654,0.000778438,0.986902431,0.000738989,0.986035417,0.001652319,0.988145562,0.001701404,0.986241884,0.001672251,0.986269419,0.000815765,0.987643117,0.000844614,0.987244994,0.000869542,0.985351068,0.000877351,0.986665039,0.000903995,0.986056718,0.000999057,0.988278108,0.001059739,0.988076624,0.001196767,0.987294794,0.001298557,0.990685172,0.001414984,0.984102715,0.001632093,0.990976011,0.001699133,0.986727325,0.001886515,0.992952284,0.002148994
0.0909490000049118,0.986957343,0.000199058,0.986653623,0.000972944,0.985145742,0.000907542,0.98554583,0.000772257,0.990517238,0.000763137,0.986681898,0.000784598,0.986253891,0.000772916,0.985665203,0.000767992,0.985997355,0.0007384,0.989048839,0.001654716,0.987928535,0.001703295,0.98825099,0.001675381,0.987378878,0.000806785,0.986293458,0.000856175,0.985133341,0.000869317,0.987747186,0.000879367,0.986724545,0.000905159,0.986177922,0.000999958,0.988753517,0.001061015,0.983149001,0.001194396,0.988156729,0.001279097,0.985805109,0.001411113,0.987796417,0.00163637,0.991515552,0.001723296,0.990010318,0.001892032,0.989698443,0.002118339
0.09398199999850476,0.987689502,0.000199079,0.988420104,0.000960522,0.987431137,0.00091679,0.98858783,0.00077292,0.988648459,0.000761518,0.987071695,0.000784001,0.985701281,0.000762074,0.988470633,0.000778723,0.987682445,0.000738667,0.98933229,0.001657006,0.989674121,0.001703744,0.988831173,0.001676259,0.987005486,0.000816157,0.986770732,0.000844669,0.987296952,0.000870267,0.98610554,0.000877855,0.986087469,0.000903316,0.986654775,0.000999845,0.988686844,0.001061529,0.987873153,0.001197785,0.991503229,0.001305097,0.990578198,0.001417644,0.990389477,0.00164289,0.990234165,0.001703148,0.985176634,0.001893887,0.987725578,0.00214798
0.09701399999903515,0.987251286,0.000198853,0.987785032,0.000960094,0.987476452,0.000917281,0.986934427,0.000771581,0.987425552,0.000760427,0.986393817,0.00078298,0.988410902,0.000763397,0.988295056,0.000778048,0.987154411,0.000738448,0.984951719,0.001648894,0.989143653,0.00170156,0.983823257,0.001667472,0.98857888,0.000816289,0.986008996,0.000843195,0.987483182,0.000869507,0.986936964,0.000877637,0.986059456,0.00090238,0.988034124,0.000999949,0.987854441,0.00105922,0.986538389,0.001195063,0.986337328,0.001298082,0.986072807,0.001411408,0.988727147,0.001636567,0.989955931,0.00170161,0.984038409,0.001888462,0.987233779,0.002146679
0.10004599999956554,0.987579536,0.000198784,0.989242678,0.000969857,0.984280807,0.000903334,0.988482857,0.000771712,0.986584108,0.000759651,0.989305512,0.000784381,0.988236659,0.000772756,0.987226374,0.000766922,0.986902245,0.000737755,0.98615885,0.001650309,0.986359898,0.001697798,0.990048163,0.001674546,0.988195859,0.000805971,0.988255136,0.000856279,0.988212168,0.000869895,0.986735859,0.000877965,0.987707494,0.000903485,0.98839302,0.000999845,0.984960866,0.001057552,0.987732125,0.00119512,0.987534832,0.00127823,0.988139656,0.001411198,0.984424421,0.001631261,0.986800042,0.001713996,0.989685211,0.001892322,0.991813591,0.002118067
0.10307900000043446,0.987600921,0.000199547,0.987886232,0.000969751,0.987111996,0.00090651,0.98890473,0.000772667,0.989130716,0.000760859,0.989292701,0.000784536,0.987014441,0.000772689,0.987821333,0.000768089,0.987463833,0.000739039,0.986295739,0.001655421,0.984018246,0.001697713,0.987236344,0.001677601,0.988535481,0.000808758,0.987820478,0.000858901,0.986689085,0.000872161,0.987564846,0.000880826,0.986456665,0.000905629,0.988761292,0.001003829,0.988611551,0.00106616,0.984303375,0.001200906,0.98866118,0.001290421,0.987146838,0.001427536,0.985929391,0.001652348,0.986775567,0.001734752,0.991705392,0.001913857,0.983997589,0.002142024
0.10610000000451691,0.988881054,0.000199763,0.991044717,0.000959473,0.990341972,0.000917939,0.988500958,0.000772241,0.989144507,0.000752456,0.989221017,0.000794927,0.989978745,0.000764736,0.990781654,0.000770478,0.98724501,0.000748445,0.988685627,0.00165735,0.991829381,0.001708049,0.989191484,0.001680288,0.987284349,0.000807818,0.988577756,0.000859564,0.987409565,0.000872503,0.9884132,0.000882153,0.98746447,0.000905829,0.989361498,0.001005538,0.990666793,0.001067685,0.989413889,0.001203414,0.988488435,0.001291926,0.990485332,0.001428628,0.989135797,0.001659769,0.984425177,0.001731309,0.990391384,0.001914664,0.987896657,0.002147407
0.1091320000050473,0.991005397,0.000199799,0.99334842,0.000970721,0.991718608,0.000907862,0.992779742,0.000773596,0.992293042,0.000762242,0.99118344,0.000784801,0.991549076,0.000774372,0.990777253,0.000769568,0.991393371,0.000740973,0.991943724,0.001656319,0.993656133,0.001709063,0.989735701,0.001680012,0.990562929,0.000808275,0.990687743,0.000860034,0.991236381,0.000874184,0.991441169,0.000882388,0.989692373,0.000906383,0.992123263,0.001006174,0.990641803,0.001066319,0.988929295,0.001200588,0.988520677,0.001287781,0.989424037,0.001428496,0.991628755,0.001660321,0.990733319,0.001735591,0.987015296,0.001911856,0.989567606,0.002147916
0.11216399999830173,0.993633312,0.000199761,0.996702332,0.000971775,0.993772263,0.000908397,0.99400139,0.000773924,0.994506725,0.000762785,0.992394565,0.000785021,0.996127197,0.000766159,0.993867273,0.000770845,0.992036972,0.000748856,0.991978931,0.001657158,0.993461089,0.001707356,0.994693271,0.001682945,0.993672122,0.000808875,0.9926794,0.000859602,0.993485081,0.000874032,0.992773832,0.000870879,0.993018692,0.000920127,0.993914801,0.001004996,0.993838314,0.001065912,0.995723378,0.001201911,0.992956696,0.001287565,0.993646873,0.001441079,0.992138414,0.001626334,0.995966172,0.001731701,0.995720977,0.001912453,0.992593056,0.002138354
0.11519699999917066,0.9961587,0.000199638,0.997894759,0.000970384,0.993403932,0.000906471,0.995674876,0.000773535,0.996421996,0.000762879,0.997446923,0.000786596,0.997521952,0.00077591,0.996285247,0.000770428,0.994606307,0.000740297,0.995935961,0.001656876,0.997320528,0.00170591,0.99699283,0.001680491,0.995974233,0.000808623,0.996343762,0.000860242,0.996588013,0.000874476,0.995984424,0.000882812,0.997828025,0.000908143,0.997164759,0.001005346,0.995941525,0.001063586,0.994300458,0.001198305,0.996244546,0.001284424,0.994883997,0.00141768,0.993191038,0.001645105,0.998369989,0.001729341,0.993327499,0.001901425,1.001288384,0.002134909
0.11822899999970105,0.998630348,0.000199986,0.998939361,0.000958617,0.997570768,0.000918489,1.000305635,0.000775422,0.998089542,0.000763376,0.997583479,0.000786716,0.997637811,0.000765771,0.999254467,0.000781934,0.999539806,0.000742932,0.995727524,0.001657123,0.996718774,0.001706998,1.005954151,0.001691419,0.998495243,0.000820338,0.999280928,0.000850608,0.99812747,0.000876538,0.996723004,0.000883375,0.998660317,0.000908627,0.997264402,0.001004321,1.000592264,0.001068516,0.999342812,0.001200552,0.999097162,0.001310307,1.002936098,0.001428003,0.996406195,0.00164885,1.001901973,0.001711982,0.997770894,0.001909694,1.000488259,0.002168561
0.12126100000023143,0.999749269,0.000199756,1.00143939,0.000969336,0.996579396,0.000906318,1.001037718,0.000774564,1.000439308,0.000763641,0.999396643,0.000786568,1.000223034,0.000776144,0.998575553,0.000770374,0.998786606,0.00074087,1.001508396,0.00166145,0.998576177,0.00170646,0.997130828,0.001679355,0.999008699,0.00080972,1.000423982,0.000862035,0.999660536,0.000875869,1.000177996,0.000883935,0.998250621,0.000907374,1.000352643,0.001004523,0.998684683,0.00106496,1.001183476,0.001199502,1.002432206,0.001287622,1.003885274,0.001426534,0.99879541,0.001645812,1.003046317,0.00172439,1.002602982,0.001900635,0.99950468,0.002125457
0.12429400000110036,0.999978044,0.000199402,1.001630919,0.000968183,0.999681693,0.000906965,0.999513955,0.000773056,0.999208821,0.000762489,1.000878133,0.000786669,0.999996142,0.000775251,1.000355813,0.000770248,1.000495797,0.000740869,0.999750024,0.001657559,1.00009828,0.001704587,1.0,0.001680442,0.999054983,0.000808107,1.000400436,0.000860738,0.99871741,0.000874309,0.996652356,0.0008811,1.000520335,0.000907039,1.000870591,0.00100248,0.999733555,0.001063231,1.002965809,0.001197464,1.0,0.001280943,1.001476143,0.001414993,1.00090846,0.001639268,0.99923177,0.0017168,1.003878362,0.001895606,1.002167433,0.002122609
0.12732600000163075,0.999708708,0.00019943,1.00066863,0.000964883,0.997593186,0.000904708,0.999968374,0.000772781,1.001122657,0.000762968,0.999545789,0.000786001,0.998913756,0.000774635,1.000102227,0.000770105,0.999107836,0.000740598,1.002862793,0.001661603,1.00134257,0.001706668,1.003556126,0.001684453,1.000163886,0.000809101,0.999522678,0.000861021,1.000207597,0.000875773,1.000900147,0.000883707,0.995835515,0.000903441,0.999389479,0.001002853,1.001068696,0.001064022,1.001267447,0.001197089,1.000888366,0.001283665,1.004442068,0.001422535,0.998568986,0.001639308,0.998665611,0.001719587,1.000277738,0.001894898,0.993418069,0.002116565
0.13035800000216113,0.999642097,0.000199691,0.999929469,0.000964403,0.997903515,0.000904729,1.000352482,0.000772307,0.999429991,0.000761416,1.000394665,0.000785968,1.000366946,0.000765211,0.999866251,0.000770662,0.999514565,0.000749461,0.995586532,0.001652662,0.999308111,0.001706892,0.998069065,0.001678578,1.000876586,0.000810934,1.0,0.000851973,1.000567896,0.000878621,0.998437046,0.000884374,1.001670536,0.000910171,0.998674376,0.001005768,0.999842597,0.001066284,1.001968732,0.001208758,1.00146383,0.001293808,1.001068672,0.001446288,0.997266518,0.001624792,0.998937606,0.001734836,1.00014556,0.001910758,0.994428201,0.002154299
0.13339100000303006,0.999625799,0.000200269,1.000381151,0.000963175,0.997676753,0.000903466,0.999318883,0.000771544,1.00054041,0.000761807,1.001236999,0.00078606,0.999077899,0.000774632,0.999978459,0.000770376,0.999031043,0.0007413,0.999005149,0.001660709,0.999990171,0.00171047,0.998677774,0.00168329,0.999386135,0.000812338,1.000445634,0.000866478,1.001556911,0.000869083,0.999575712,0.000887658,0.999930995,0.00091074,0.998396153,0.001008756,0.999061495,0.001070444,0.998543665,0.001214422,0.998687376,0.001303471,1.003611357,0.00144512,0.99691717,0.001667101,1.000802465,0.00173538,1.000099429,0.001929883,1.002155041,0.002231499
0.13642300000356045,1.000086983,0.000199985,1.001655717,0.000962595,0.997303078,0.000902726,1.000489986,0.000771622,0.999963364,0.000761264,1.002119365,0.00078616,1.000935331,0.00076519,1.000729536,0.000770751,0.999396282,0.000749929,0.996706583,0.001655564,0.999489141,0.001707652,1.001627161,0.001684033,0.998973552,0.000810561,0.999417769,0.000854022,1.000776865,0.000880564,1.002811436,0.000888933,1.000872625,0.000910017,1.000566085,0.001008254,0.999167242,0.001068851,1.000307239,0.001211832,1.000174948,0.001298043,0.999365589,0.001450928,1.001078132,0.001637433,1.003677997,0.001747414,1.000391744,0.001921385,0.994393558,0.002172114
0.13945600000442937,0.999882353,0.000199772,0.99991429,0.000960672,0.996858147,0.000902192,1.000817405,0.000771619,0.999788609,0.000760908,0.999282511,0.000784524,0.999549286,0.000774111,1.001325947,0.000770232,0.998978475,0.000740475,1.000377368,0.001659442,0.996824136,0.0017052,1.001088463,0.001681215,1.000333963,0.000811201,1.000848096,0.000866124,1.000570856,0.000868018,0.998905952,0.000885783,1.001692493,0.000909526,0.999367688,0.001006002,0.997978934,0.001067506,0.997375153,0.001206833,1.002025429,0.00129705,1.003704316,0.001434685,0.996068035,0.00165306,1.002854207,0.001725053,1.003815468,0.001922441,1.005508527,0.002209842
0.14248800000495976,0.999724604,0.000199605,1.002857022,0.000961832,1.003275011,0.000904379,0.999043937,0.000770233,1.000717191,0.000760888,1.000181206,0.000784037,0.999192447,0.000773568,0.999176238,0.000768835,0.998804979,0.000739856,1.004235959,0.001660841,1.002286109,0.00170822,1.00315937,0.001682357,0.999349026,0.000810052,0.999332381,0.000864348,0.999208038,0.000867742,1.000495122,0.000886341,1.000257447,0.000908749,1.002086986,0.001008152,0.999836635,0.001067035,0.999184081,0.001207179,0.999821303,0.001294635,0.997849884,0.001429516,0.996293062,0.001650913,0.999565741,0.001719846,0.992811323,0.001903317,0.999625787,0.002201562
0.14552099999855272,0.999432899,0.000199613,0.998718329,0.000959273,0.999669886,0.000902774,0.998064748,0.000769577,0.99943349,0.000760769,1.000030519,0.000784372,0.998739015,0.000773282,0.999391027,0.000769463,1.000641099,0.000740964,1.0,0.001657695,1.004359397,0.001711059,1.003116235,0.001682666,1.001170391,0.000811469,0.99679948,0.000863428,0.997981722,0.000866734,0.999168768,0.000885945,1.000638002,0.000908811,1.000852897,0.001007149,1.001088191,0.00106793,1.000867125,0.0012086,0.999640554,0.001294501,0.99858652,0.001430056,0.997679418,0.001653565,1.004328243,0.001724368,0.9974742,0.001914299,0.999480784,0.00220151
0.1485529999990831,0.999453449,0.000199062,0.999627391,0.000957676,0.998129432,0.000901596,0.998329426,0.000769818,0.998480355,0.000759493,0.999797082,0.000784081,0.998062566,0.000762653,1.0,0.000769709,0.998470649,0.000747801,0.998932143,0.001652946,1.000628258,0.001703325,0.998914533,0.001675334,1.000486337,0.00080891,1.000411433,0.000852355,0.999093539,0.000878353,0.99957313,0.000884206,1.000764162,0.000906455,0.99975955,0.001003388,0.999855017,0.001063693,1.004793205,0.001204125,1.000332153,0.001285913,1.000088951,0.001437976,1.00455334,0.001619947,1.000700741,0.001725034,0.998133461,0.001890205,1.000670114,0.002147335
0.1515849999996135,1.000129063,0.000198793,1.001912448,0.000959286,1.001276214,0.000903132,1.00008462,0.000770101,1.000245697,0.000760755,0.999602353,0.000783732,0.999724205,0.00077324,0.998294338,0.000767829,1.000679717,0.000739205,0.999336374,0.001652521,0.999090835,0.001700817,1.003513931,0.001680169,0.999746076,0.000806965,0.997460391,0.00085947,0.999703928,0.000864531,0.999675754,0.000883873,1.000394089,0.000905536,1.00147883,0.001002477,1.002008086,0.001062695,0.999544382,0.001197021,1.003271832,0.001282779,1.001853481,0.001412835,0.999473247,0.001633361,1.001694477,0.001700032,1.004557382,0.001887815,1.004194821,0.002163107
0.15461800000048243,0.9994587,0.000198998,0.999602406,0.000957601,0.999878996,0.0009023,0.999859535,0.000769892,0.999312394,0.000759667,0.998475379,0.000783247,1.000780317,0.00076413,1.000290457,0.000769907,0.996159807,0.000744877,1.000108995,0.001654547,0.999752759,0.00170135,0.997723366,0.001673499,0.999651638,0.000807698,0.998762292,0.000849977,0.999749266,0.000876214,1.000196519,0.000884128,0.998830916,0.000905677,1.002476076,0.001005302,0.999169753,0.001062062,1.000741435,0.001202121,1.00239911,0.001288653,1.000229974,0.001440657,0.997750168,0.0016169,1.005123511,0.00173195,0.999650175,0.001894723,1.004366094,0.002152673
0.15765100000135135,0.999529166,0.000199063,1.000390092,0.000957513,0.999413314,0.00090156,0.999681186,0.00077027,0.998183783,0.00075949,1.001324677,0.000784756,1.000075127,0.000773867,0.999361401,0.00076877,0.999702055,0.000739855,0.999143518,0.001652673,1.001690855,0.00170455,0.998824793,0.001677003,0.999579288,0.000807483,1.000676696,0.000861798,0.999656854,0.000864267,1.000799471,0.000884162,0.99977757,0.000906145,0.999489446,0.001003791,1.000092357,0.001062742,1.0,0.001201883,0.997754927,0.001287541,1.002221925,0.001424636,0.999962011,0.001647634,0.994197307,0.001701378,0.996398859,0.001896119,1.002853001,0.00218576
0.16068300000188174,0.999384496,0.000199051,1.001411329,0.000957041,1.000358729,0.000902034,1.000542017,0.000770442,1.00008212,0.000760481,1.001269768,0.000784486,0.999473669,0.000773034,0.997887017,0.000768507,1.000318253,0.000740267,1.000188159,0.001654993,0.998513348,0.001700914,0.999318906,0.001677532,1.002202064,0.000808492,0.998709724,0.000860118,0.998890862,0.000863106,0.999486916,0.000883146,1.0,0.000906412,0.999254181,0.001003471,0.997067163,0.001062518,0.997080542,0.001199606,0.999040357,0.001288042,1.000855415,0.001424187,0.995726643,0.001643447,1.002025657,0.001709694,0.998292933,0.001901386,0.996692238,0.002184113
0.16371500000241213,0.999946153,0.000199577,0.999289001,0.000955605,1.000199907,0.000903004,1.001731927,0.000771862,1.002649259,0.000763058,0.999872399,0.000785107,0.998669023,0.000763643,1.000842655,0.000771376,1.000508876,0.000741196,1.002698411,0.001664149,1.001431152,0.00170643,1.00080034,0.001680859,0.998600022,0.00081916,1.000717348,0.000851068,1.000802949,0.000877749,0.999419651,0.000883988,1.000572834,0.000909121,1.000204479,0.001006321,0.999366665,0.001066843,0.999791209,0.001206045,1.000276474,0.00131702,1.00387035,0.001435742,0.999990891,0.001656958,0.99771953,0.001737404,1.003129368,0.001916135,0.996101651,0.00216355
0.1667470000029425,1.000686037,0.000199799,1.002077433,0.000957667,1.001610914,0.000903246,1.001767014,0.000771216,1.001907528,0.000762015,1.001227554,0.000785467,1.001211058,0.000764959,1.001687418,0.000771132,1.000832172,0.000749547,1.003752719,0.001664459,1.003344741,0.001711925,1.000862173,0.00168348,1.0,0.000809744,0.99880776,0.000849185,1.000888626,0.000876947,1.000944874,0.000885856,0.999297484,0.000908465,1.001082619,0.001008943,1.000600907,0.001069163,0.99903257,0.001208596,1.000496205,0.001303048,1.002250212,0.001461551,1.002190381,0.00166574,1.006447271,0.001730672,0.998841562,0.001921774,1.000276416,0.002210944
0.16978000000381144,1.000253282,0.000200051,1.000133003,0.000955746,1.000242414,0.000902597,1.002499558,0.000771812,1.000473525,0.000760981,0.999891535,0.000784226,1.000416277,0.000764205,1.000580923,0.000770656,0.999695304,0.000749178,1.00192184,0.001661886,0.998000139,0.001705812,0.998973348,0.001680726,1.000240207,0.000810722,1.000424491,0.000851974,1.001744651,0.000878359,1.002172682,0.000886972,1.000465101,0.000910454,0.999728874,0.001009348,1.001036544,0.001072748,0.998643495,0.001211619,1.002004285,0.001306066,0.998338809,0.00146029,1.002224314,0.00165192,1.000035448,0.001753424,1.005528079,0.001942877,1.000579961,0.002198001
0.17281300000468036,1.000227115,0.000199311,0.99858564,0.00095351,0.999584262,0.000900937,0.998847754,0.000769129,1.000039263,0.000751169,0.999714728,0.00079424,1.00056385,0.00076459,1.001661837,0.000770425,0.999613899,0.000739773,0.999772657,0.001657012,0.996912719,0.001698786,1.00362791,0.001682032,1.005248617,0.000820964,1.000946685,0.000848531,0.999525431,0.000873684,1.000294577,0.000883703,1.000811355,0.000908227,0.998203515,0.001004921,1.000633434,0.001066918,1.008426286,0.00120999,1.001504371,0.001295287,1.001264773,0.001450669,1.001353073,0.001656698,0.997626409,0.001726071,1.000501554,0.001881493,1.001295432,0.002171907
0.17584500000521075,0.999476883,0.000199227,0.999402202,0.00095389,0.999745183,0.000901782,1.000158167,0.000770231,1.002091856,0.00076159,0.999829572,0.000784608,1.000560481,0.000764658,1.000193341,0.000769775,1.000295694,0.000748346,0.998838609,0.001656559,0.99826131,0.001699984,0.999471288,0.00167771,1.000114999,0.000808743,0.998640704,0.000848097,0.998506444,0.000874029,1.00155112,0.000884838,0.999472691,0.000907797,1.001129963,0.001006891,0.998846918,0.00106663,0.999762376,0.001203841,0.997337637,0.001290929,0.999664984,0.001446159,0.998475781,0.001628004,1.003315422,0.001736134,0.993864137,0.001896238,0.994549461,0.002137102
0.17887699999846518,0.999896257,0.000199016,0.999686749,0.000953834,0.999633183,0.000901573,1.000515404,0.000770947,0.999357022,0.000760696,0.999419993,0.000784634,1.000262747,0.000774127,1.000006189,0.000769134,0.999558328,0.000739588,0.999289287,0.001654604,1.000090925,0.001702597,1.000811358,0.001679664,1.00094243,0.000808528,0.999612889,0.000858714,1.001224889,0.00086257,1.000294537,0.000883279,0.999818816,0.000907896,1.001355853,0.001005308,1.002297934,0.00106559,0.999287068,0.001199844,1.001250478,0.001287465,0.99961593,0.001420974,0.999142585,0.001644005,1.000271894,0.001707072,0.999382247,0.001894038,1.004210664,0.002184141
0.1819099999993341,1.000053646,0.000198798,1.000320375,0.00095389,1.001313758,0.000902282,1.00073551,0.000770295,1.000065699,0.000760797,1.00176225,0.000785369,0.999777214,0.000773673,1.000772217,0.000769104,1.000041255,0.000738961,1.000653579,0.001654431,1.002309282,0.001704358,1.000485222,0.001675652,1.001165435,0.000807558,0.999380243,0.000857761,0.999593633,0.000860731,0.999714877,0.000881644,0.999247481,0.000906168,0.999138279,0.001001601,0.998074972,0.001060675,1.000347284,0.001198969,1.004356067,0.001287219,1.002738892,0.001421565,0.997334542,0.001636209,1.005099586,0.001707737,0.997953477,0.001889543,0.998591989,0.002166478
0.1849419999998645,0.999939605,0.000199164,1.00096547,0.000954575,1.00101827,0.000901824,0.999206096,0.000769745,0.999922766,0.000751524,1.001231338,0.000795393,1.001560221,0.00076502,1.001403616,0.000770201,1.000121855,0.000748299,1.001165012,0.001655168,0.998801126,0.001701095,1.001275476,0.001678878,0.998559479,0.00080764,1.001019844,0.000848604,1.001307243,0.000874592,0.999568282,0.000883124,0.999513126,0.000907428,1.000109582,0.001005102,0.999536872,0.001080487,1.000136082,0.001182182,1.001889337,0.00129408,0.999425194,0.001443846,0.998567046,0.001645954,0.996884593,0.001699831,1.001109131,0.001902799,1.003831825,0.0021617
0.18797400000039488,1.000022003,0.00019954,0.998371193,0.000964061,1.000373761,0.00090438,1.000666112,0.00077193,0.999841637,0.000752199,0.999530799,0.000794704,1.002893414,0.000765705,0.998899951,0.000768117,0.997746807,0.00073909,1.00015321,0.001657421,1.000953839,0.001705714,1.000815506,0.001680128,1.000510638,0.00081012,1.000135595,0.000860127,0.998740314,0.000862652,0.99910151,0.000884183,1.000002524,0.000908991,1.000876789,0.001007561,1.005289533,0.001072784,1.001340389,0.001207506,1.000886869,0.001298591,1.001527467,0.001453201,1.001211962,0.001635406,1.001716278,0.001740718,0.997000371,0.001913148,0.998616673,0.002171128
0.1910070000012638,0.999494123,0.000199822,0.997704715,0.00096307,0.998790051,0.000903527,0.999695522,0.00077151,1.000224436,0.000752584,0.99960453,0.000794813,0.998875119,0.000763777,0.999180027,0.000768831,0.999960244,0.000740667,1.002722704,0.001662883,0.996882046,0.00170398,1.000224103,0.001683849,0.999027124,0.000810247,1.000509785,0.000861791,0.999828968,0.000875337,1.001273297,0.000874319,0.998120085,0.000920744,0.998037612,0.001004453,1.000945165,0.001071253,1.000725991,0.001192798,1.000077914,0.001304202,1.002854779,0.00146166,1.003210665,0.001647784,0.996443129,0.001744148,0.99894761,0.001910513,0.993822829,0.002215375
0.1940390000017942,0.999335121,0.000199543,0.997963435,0.000962502,0.999735939,0.000904249,0.999733567,0.000771022,0.999536689,0.000751268,0.997872537,0.000793477,0.999510911,0.00076429,1.000045207,0.000769508,0.999191971,0.000739987,0.999439901,0.001656898,0.998413984,0.001706402,0.998830619,0.001678794,1.000609012,0.000810606,1.000157745,0.000860857,0.999822682,0.0008633,0.998204495,0.000883173,1.000744551,0.000909845,0.999881655,0.001007711,0.998925841,0.001068897,0.999089041,0.001210118,1.002458726,0.001301153,0.996500298,0.001451431,1.000453276,0.001638675,1.001583815,0.001743779,0.998459049,0.001917974,0.998418946,0.002177296
0.19707200000266312,0.999771115,0.000199428,0.997751376,0.000962545,0.998765118,0.000903729,1.000171636,0.000762883,0.997753067,0.000759207,1.000410396,0.000785084,0.999982701,0.000764438,1.001009424,0.000770246,1.000040903,0.000740379,0.99966526,0.001659458,1.0,0.001708629,0.997409846,0.001676647,1.001341079,0.000820467,1.000768043,0.000849358,0.999705814,0.000874952,1.00024067,0.000884317,0.999942118,0.000908124,1.001508444,0.001008016,1.001965095,0.001069621,1.002517197,0.001207391,1.002027416,0.001296984,0.997200525,0.001448269,1.002211426,0.001659264,0.996405873,0.001726318,1.000778066,0.00190875,0.999384884,0.002130285
0.2000929999994696,0.999558906,0.000200098,1.000993366,0.000963486,0.999035401,0.000903568,0.999093192,0.000770886,0.999163219,0.000751902,1.000265555,0.000795143,0.999666999,0.000764569,1.001476194,0.000770014,0.997500927,0.000739557,0.997861465,0.001660216,0.998264397,0.001709918,0.999430675,0.001680089,0.999438055,0.00081117,1.001490459,0.000863598,1.000169366,0.000864933,1.000684118,0.000887136,0.999773094,0.000911079,1.00046394,0.001011355,0.998793933,0.001072326,1.002150198,0.001218055,0.99739933,0.001307146,0.998374732,0.001463885,0.999964596,0.001655099,0.999326996,0.001756027,0.997385985,0.001939278,1.000672974,0.002203001
0.20311300000321353,0.999620211,0.000200615,0.999651185,0.000962295,0.998985614,0.000903589,0.998985419,0.000770947,0.998618543,0.000751543,0.999237028,0.00079477,0.998138278,0.000764029,0.999385784,0.000769325,0.998060061,0.000740459,1.002608112,0.001664211,0.999825521,0.001710436,1.004892076,0.001690608,0.999271879,0.000813293,1.000502867,0.000864588,1.002149905,0.000868152,1.001161023,0.000888355,0.998956891,0.000911756,1.001433235,0.001014597,1.000704391,0.001077596,1.000961007,0.001224029,0.997774729,0.001315556,1.003256208,0.001460474,0.996093183,0.001697366,1.002310207,0.001775975,0.999625846,0.001938009,1.007874102,0.002271259
0.20614600000408245,0.999869504,0.000200365,1.000039767,0.000962161,1.00007141,0.000903846,0.998975867,0.00077103,0.999446709,0.00075198,0.999020696,0.000794814,1.001172924,0.000765258,1.001031844,0.000770177,1.000643646,0.000741425,1.002013186,0.001663435,0.997842752,0.001707125,1.002040126,0.001685682,1.001750244,0.000813146,0.999164035,0.000862372,1.001189114,0.000877718,0.999436158,0.000874088,1.000171603,0.000923738,0.999755076,0.001008631,1.001518957,0.001075283,0.999530682,0.001196872,0.998403304,0.001313808,0.999212404,0.001471536,0.99981908,0.00166376,0.995837499,0.001765168,1.001411142,0.001928138,0.99701689,0.002245937
0.20917800000461284,0.999627694,0.000199985,1.000854263,0.000963814,0.999250098,0.000904375,0.999443875,0.000772015,0.999168275,0.000752489,0.998598323,0.000794909,0.999323066,0.000764894,0.99968716,0.00076985,0.999880583,0.000740898,0.999108462,0.001658983,0.998669894,0.00170471,0.998637793,0.001680337,1.0008549,0.000811303,1.000007362,0.000861539,1.000366907,0.000876185,0.999112668,0.000873008,1.0000202,0.000922626,0.999598057,0.001006538,1.000731368,0.001072317,1.002363725,0.001195761,1.001503462,0.001307206,0.998053638,0.001460772,0.999261465,0.001649539,1.000965419,0.001751336,0.99946397,0.001909552,0.99964258,0.002222438
0.2122109999982058,0.999933385,0.000199835,1.0,0.000963196,1.00039465,0.000905443,0.999937867,0.000772552,1.000556368,0.000753762,0.999057029,0.000796166,0.999734997,0.000765571,1.000139561,0.000769996,1.000442938,0.000740919,0.999678611,0.001656935,1.000427269,0.001707986,1.001653507,0.001684177,1.000386826,0.000810203,0.999895166,0.000860802,1.00101049,0.000876141,1.000105582,0.000872848,0.999311922,0.000921906,0.997791755,0.000991484,0.999163177,0.00108381,1.000651867,0.001190591,0.998423562,0.001301011,1.000231439,0.001437859,1.00068584,0.001669376,1.001953565,0.00174979,1.004322483,0.001906252,1.004877051,0.002223477
0.2152429999987362,0.999703256,0.000199778,0.997453929,0.000962522,0.999612754,0.000905417,0.999350847,0.000772738,1.00130843,0.000754818,1.000815949,0.000797204,0.998970379,0.000765925,0.999015586,0.000770139,0.998399132,0.000740631,1.000375131,0.001661697,0.99991667,0.001707008,0.998822507,0.001679997,1.001694751,0.000811173,0.998941165,0.000859515,1.000354523,0.000875238,0.998616777,0.000872271,1.001582535,0.00092351,1.000034802,0.000992675,0.998041511,0.001083189,1.001538283,0.001190255,1.000437787,0.001299898,1.001105857,0.001436106,1.0,0.001666705,1.003031007,0.001744067,0.999437152,0.001896462,1.000842263,0.00220748
0.21827499999926658,0.999404804,0.000200088,0.998473194,0.000966139,0.99832704,0.000908125,0.999106637,0.000775003,0.999744336,0.000756276,0.999348117,0.000798652,0.999197144,0.000767913,0.999090535,0.000771749,0.999790566,0.000742615,0.99829995,0.001661402,1.001331936,0.001712107,0.997011261,0.001681749,0.999517768,0.000810819,0.998584225,0.000860973,0.999117219,0.000876154,0.999646868,0.000874042,0.999713418,0.000922995,1.001197423,0.000993967,1.001813728,0.001085999,0.998513271,0.001188447,0.998971611,0.001298317,1.000621213,0.001436019,1.00054753,0.001666967,1.004308071,0.00174683,0.99857556,0.001895277,0.999416988,0.002209304
0.2213080000001355,0.999919162,0.000199798,0.998436509,0.000966284,1.000362562,0.000910183,1.000892576,0.000776377,0.999878452,0.000765444,0.999377833,0.000789188,0.999488435,0.000767777,0.999529201,0.000772388,1.000130248,0.00074234,1.001980332,0.001664422,1.00619325,0.001717275,1.001517886,0.001686485,0.999618405,0.000820853,1.001037883,0.000849418,1.0,0.000874735,0.999757219,0.000884233,0.99894389,0.000908494,1.001079719,0.000992037,1.001195318,0.001067441,0.999678309,0.001205067,0.99943883,0.001291605,0.999716795,0.0014249,0.996017932,0.001648788,1.001275758,0.001713628,0.996550508,0.001901743,1.005069043,0.002196742
0.2243400000006659,1.0001033,0.00020036,1.000592417,0.000972004,1.000374298,0.000913721,1.000656087,0.000778938,0.998273634,0.000758224,1.001683993,0.000802679,1.001260206,0.000771019,0.998883382,0.000774497,1.001295892,0.000746122,0.997327248,0.001665573,1.001765587,0.00171665,1.000710225,0.001690296,1.000605198,0.000813147,0.999888532,0.000863139,1.000602878,0.000865911,1.000340437,0.000886909,1.000001897,0.000912118,1.0,0.001009066,0.999142582,0.00106806,0.998104784,0.001205591,0.998413021,0.001292221,1.003033705,0.001430445,1.003241013,0.001653706,0.995158078,0.001726331,1.006360769,0.001888021,0.996650642,0.002183948
0.22737300000153482,1.0,0.000200888,0.999390698,0.000972653,0.999997796,0.000915314,0.999541875,0.000779861,0.999114848,0.000759892,1.001015618,0.000803361,0.999268808,0.00077138,0.999237854,0.000766338,1.000689451,0.000755562,1.001236151,0.00167407,1.004895627,0.0017243,0.996750119,0.001689865,1.000025865,0.000814684,0.99985947,0.000853216,1.001039218,0.000879617,1.000415958,0.000888378,1.000078917,0.000913316,0.998387866,0.001011218,1.00086314,0.001072988,1.001180598,0.001212553,1.001585923,0.0013023,0.997670982,0.001452776,1.005640365,0.001665983,1.000487841,0.001734372,0.999403661,0.001891454,0.999588192,0.002175228
0.2304050000020652,1.000067526,0.00020196,1.001523742,0.00097941,1.002172981,0.00092095,1.000754904,0.000784242,0.999368458,0.00076386,1.00012147,0.000806888,0.999280015,0.000774147,1.001721003,0.000780415,1.00114297,0.000750525,0.999552997,0.001679506,1.001870716,0.001730279,1.003022867,0.001705467,0.999792803,0.000818402,0.999493297,0.000868259,0.999081856,0.000881798,1.000034447,0.000880489,0.999835147,0.000929706,0.999258748,0.00100025,0.997311895,0.001092323,0.998592749,0.001198388,0.998104938,0.001306698,0.99690878,0.001442218,0.997720608,0.001674814,1.008579347,0.001760778,0.999653071,0.001910591,0.996617648,0.002223426
0.23343800000293413,1.000067727,0.000201275,0.999801429,0.000977036,1.001269338,0.000919861,1.000339015,0.00078253,1.000097116,0.000771706,1.001609405,0.000795829,0.998060963,0.000772617,0.999439391,0.000777446,1.002212463,0.000748944,1.000768418,0.00167564,0.998347152,0.001720517,0.997208238,0.001691161,0.999906954,0.000826325,1.001039858,0.000854921,0.999024839,0.000878787,0.999016919,0.000887916,0.998846634,0.000913309,1.0000459,0.000997069,1.000360333,0.001073564,0.999410793,0.00121233,0.999434201,0.001299378,1.000836231,0.001438115,0.998841535,0.001661395,1.000751134,0.001725759,1.001468866,0.001925112,1.004549299,0.002218899
0.23647000000346452,1.000495135,0.000201574,1.001117363,0.000977398,1.000239309,0.000918833,1.002798135,0.000783811,0.999953445,0.000762653,0.998668499,0.000804797,1.002330413,0.000774643,0.999181006,0.000777111,1.001426335,0.000748875,0.999833301,0.001674209,0.996957682,0.001719777,0.999303492,0.001696442,1.000298121,0.000815996,1.003196979,0.00086826,1.001281545,0.000869559,1.000599321,0.000890191,1.001383529,0.000916266,0.998281227,0.00101265,0.999824797,0.001075879,1.001352164,0.00122005,0.997415878,0.001303286,0.99948659,0.001440659,1.001146856,0.001675947,1.0027001,0.001752968,1.000377206,0.001911838,0.998024477,0.0022208
0.2395020000039949,1.000415569,0.000201462,1.00049629,0.000991563,1.001575988,0.000925937,1.001236267,0.000778326,1.001955399,0.000775138,1.000524054,0.000797678,0.999772946,0.000775388,0.999486638,0.000779434,1.001417747,0.00075004,0.994390759,0.001667767,1.001866943,0.001723171,1.00078583,0.001698162,0.999270207,0.000816104,0.999740046,0.000865934,0.998368836,0.000866743,1.0,0.000889952,0.997622208,0.000913849,1.00182382,0.00101323,1.0,0.001072197,0.998862205,0.00121143,0.999755489,0.001298499,0.998876558,0.00144734,1.000735814,0.001628877,1.001286582,0.00173937,1.013467611,0.00192928,1.001285071,0.00217107
0.2425230000008014,1.000219757,0.000201369,0.999123861,0.000989904,0.99797843,0.000923244,0.999373922,0.00077646,0.999897835,0.000773583,0.999536539,0.000796135,0.999762314,0.000774766,1.000985465,0.000778699,0.99955146,0.000748601,0.998868109,0.001672309,1.002592627,0.001725224,1.00280369,0.001698377,1.001419929,0.000816561,1.00112186,0.000866371,0.99994343,0.000879558,1.000182772,0.000876737,1.000310474,0.000926643,0.996605998,0.000993713,1.000540891,0.001072543,0.999536045,0.001213317,0.999439161,0.001298202,0.998036913,0.00143385,1.005669283,0.001666593,1.007056234,0.001746759,1.000806769,0.001896579,1.002783912,0.002206357
0.2455550000013318,1.000407881,0.000201365,0.999137313,0.000990205,1.001520792,0.000925461,1.0,0.000776825,0.99908114,0.000773084,1.000798589,0.00079657,1.001138363,0.000775173,0.998618766,0.00077754,1.001174142,0.000748895,1.002309762,0.001674639,0.999052876,0.001720453,1.000442744,0.001695212,0.998835945,0.000814596,1.003001021,0.000855685,1.001770619,0.000880182,0.999456932,0.000888343,0.999578642,0.000913558,1.00086962,0.001010905,1.001741375,0.001073535,1.000641545,0.001213528,1.000592276,0.001298587,0.998133451,0.001451956,1.004478689,0.001665057,0.998642775,0.001733225,1.002163223,0.001892625,0.994568655,0.002169464
0.24858800000220072,0.999282403,0.000202224,0.999422207,0.000992826,1.001069062,0.000927992,1.000300084,0.000778158,1.0,0.000774848,0.99980846,0.000797422,1.000353123,0.00077577,1.000585822,0.000780018,1.001525628,0.000750976,1.002538145,0.001683072,0.999952621,0.001725209,0.998275928,0.001698913,0.999427387,0.000818649,1.00116295,0.000869128,0.999106116,0.000869907,0.998203603,0.000889684,0.996967278,0.00091547,0.998309641,0.00101624,0.995620828,0.001075534,0.996174777,0.001221512,0.998059063,0.001312712,0.995254944,0.001465714,0.996259693,0.001659021,0.99566078,0.00175895,0.997485658,0.001946572,0.998248077,0.002210882
0.2516200000027311,1.000188341,0.0002027,1.00264727,0.000995973,0.999252112,0.000928665,1.000913274,0.000780107,0.999883281,0.000775621,0.999900429,0.000798053,1.00135133,0.000777234,0.999099949,0.000780121,1.000576251,0.000751439,0.999017231,0.001679872,1.001771264,0.001730945,1.003934245,0.001707344,0.998593879,0.00081957,0.999006011,0.000869679,0.998296713,0.000882107,1.000285,0.000880369,1.001054664,0.000931227,1.001443163,0.001003266,1.000877629,0.001081608,1.000959081,0.001226585,0.996631287,0.001315138,0.99894404,0.001456254,0.999738193,0.00169618,0.998622853,0.001769273,1.0,0.001932124,0.99870217,0.002249642
0.2546530000036,1.000428256,0.000202639,1.000758321,0.00099648,0.998369603,0.000929256,1.001034051,0.000781407,1.001309244,0.000777999,0.999012117,0.000798921,0.999546545,0.000777113,0.999919049,0.000781581,1.001537156,0.000751863,1.002300561,0.001686279,1.002513493,0.001732519,1.003134825,0.001709103,0.998790099,0.000819216,0.999978618,0.000869763,1.001720974,0.000883868,1.000450499,0.000880869,1.001677624,0.000931471,1.002377139,0.001003869,0.998984611,0.001078116,0.997443489,0.00122193,0.99866354,0.001309656,0.999305009,0.001448847,1.002139742,0.001687906,0.999780178,0.001759195,1.000917962,0.001922515,1.002433074,0.002242725
0.2576850000041304,0.99999362,0.00020258,1.000081761,0.000997186,1.001363673,0.000933078,0.999620603,0.000781004,0.996550531,0.00077548,0.999819922,0.000799704,1.001116961,0.000778823,1.000337232,0.00078156,0.999300186,0.000751412,0.999829805,0.00168386,1.00079034,0.001731658,1.005260558,0.001710179,1.00101592,0.000820482,1.001228165,0.000870576,0.999949216,0.000871473,0.999300767,0.000891887,1.001153243,0.000931466,0.999191619,0.001001096,0.999383868,0.001092975,0.997951521,0.001199636,1.000762039,0.001311022,0.997489068,0.001464309,0.999265687,0.00168081,0.999979449,0.001731432,1.001759562,0.001940584,0.996500866,0.002196848
0.2607170000046608,1.000591423,0.000202743,1.003143393,0.00100192,1.001704432,0.000935252,1.001720628,0.000783988,0.99922247,0.000779003,0.99911545,0.0008009,0.999918021,0.000779226,1.000077827,0.000782682,0.999574219,0.000752309,1.001093563,0.001685625,0.997286985,0.001726635,0.99931705,0.001703118,1.000233235,0.000820084,1.001079216,0.000859434,1.000808073,0.000883844,0.99965384,0.000892164,1.000727303,0.000919071,0.999312861,0.00101587,1.000146853,0.001079055,1.000299949,0.001222041,1.00149862,0.001308887,1.001588011,0.001464419,1.006179773,0.001682867,0.996292775,0.001743386,1.005535694,0.001907513,1.001483024,0.002195651
0.26374999999825377,1.00145969,0.000202485,1.002816273,0.001002143,1.00388556,0.000937173,1.000177964,0.000784254,1.000627082,0.000780298,1.001043291,0.000802485,1.000297944,0.000779559,1.001132026,0.000783388,1.000690554,0.000751977,1.004936567,0.0016865,1.000315307,0.001730543,0.998976121,0.001701333,1.000567848,0.000819052,1.000530656,0.000869505,1.001216551,0.000882927,1.003397026,0.000881767,1.002035763,0.000930144,1.000266443,0.000999224,0.998522904,0.001073065,1.005627113,0.001221099,0.99888285,0.001297375,1.001144856,0.00143731,1.004686562,0.001669105,0.99953214,0.001740516,1.001914411,0.001896088,1.004605562,0.002207506
0.26678199999878416,1.000742895,0.000202018,1.000530835,0.001002193,1.000727656,0.000936001,0.998897051,0.000784114,1.000337379,0.000780348,1.000458375,0.000802438,1.001357764,0.000780252,1.000778715,0.00078281,0.999804442,0.000751209,1.000735057,0.001681354,0.99909659,0.001725945,0.998727813,0.001701064,1.002010343,0.000818908,0.998229613,0.000866989,1.001396154,0.000870707,1.002597782,0.00089108,1.000492213,0.000928052,1.001992613,0.000996543,1.00376002,0.001088374,0.998834619,0.001189039,1.003536025,0.001295081,0.996080233,0.001441128,1.005192818,0.001653472,0.998333396,0.001701066,0.994888951,0.001893045,0.997975673,0.002140799
0.2698149999996531,1.000262682,0.000201743,1.001950142,0.001003781,1.00017865,0.000937569,0.999561734,0.000785368,1.000338582,0.000781924,1.000042834,0.000802808,1.004028409,0.000781996,0.999949003,0.000783252,1.0,0.000752036,0.998054631,0.001678941,0.999622603,0.001726951,0.999494002,0.001698857,0.999682386,0.000817167,0.998252045,0.000865898,0.997976406,0.000867493,0.99970662,0.0008896,1.001367858,0.000927716,0.999968574,0.000994143,1.000931652,0.001084296,1.001948416,0.001188501,0.998228464,0.00128411,1.000884361,0.00143603,1.004050959,0.001638341,0.997304551,0.001689518,0.996720752,0.001877666,0.993595464,0.002126332
0.2737340000021504,0.999947693,0.00020229,1.003084921,0.001012785,1.002188266,0.000942625,1.000297072,0.000788109,1.000104329,0.000773774,0.999837562,0.000814975,1.000120879,0.00078166,0.999112561,0.000783758,0.997999825,0.000752343,0.997439656,0.001681841,0.995813117,0.001726449,0.998769015,0.001707591,0.998071253,0.000819297,1.000025504,0.000857699,0.996841967,0.000879583,0.999375681,0.000879609,0.999214501,0.000928741,0.999136541,0.001011273,1.001326091,0.001071793,0.996755359,0.001192202,1.002261613,0.001293705,1.0,0.00142574,0.998502522,0.001648255,1.003058307,0.00173112,1.002027745,0.001878042,1.006227967,0.002224534
0.2767710000043735,1.000586949,0.000202488,1.001365118,0.00101548,1.003064287,0.000947349,1.00060539,0.000790693,1.001634484,0.000777164,0.99996629,0.000806845,1.000393157,0.000782848,0.999556923,0.000785725,1.000258959,0.000754267,0.999854514,0.001687468,1.002820734,0.001734628,0.999161542,0.001706684,0.997783519,0.000818945,1.000848441,0.000870073,0.998635469,0.000870965,1.000487066,0.000892376,0.999820816,0.000917857,0.999664559,0.001014132,1.000998179,0.001072354,0.999180766,0.001211642,1.00330355,0.001291802,0.998356847,0.001436621,1.00441172,0.001642295,0.996978914,0.001711206,1.001127849,0.001882512,1.001711056,0.002134797
0.2798040000052424,1.00015416,0.000203267,1.00177302,0.001010388,1.001231775,0.000948621,0.999698552,0.000802003,1.001852222,0.000779909,1.000001104,0.000820335,1.000760127,0.000785771,1.001130362,0.000788498,0.999275737,0.000755309,0.998489922,0.001688619,1.001958868,0.001738153,0.998739745,0.001710352,0.998942521,0.000821662,0.999095119,0.000860221,0.999671375,0.000885077,0.999601973,0.000894303,0.999910944,0.000919875,1.000913707,0.00101575,1.000229993,0.001060742,0.995507647,0.001216564,0.999188986,0.001299566,1.000707183,0.001454077,0.997758782,0.001626032,0.995542949,0.001737845,0.999781676,0.00187968,1.002717538,0.002256098
